X,Y,P_Puntaje_,EVALUADOS,P_Lectura,P_Matemati,P_Sociales,P_Ciencias,P_Ingles,Sector,CALENDARIO,GENERO,COD_LOCA,CLASE_TIPO,Categoria
-74.03917132001487,4.765726349353047,263.3760684,108,55,53,51,51,53,2,1,5,1,1,2
-74.02410241978863,4.729646605898667,239.6153846,91,52,49,45,46,46,2,1,5,1,1,3
-74.02321241032763,4.749206628602054,253.8461538,48,55,51,48,49,51,2,1,5,1,1,3
-74.03948774977707,4.745414397059448,259.2307692,149,55,51,50,51,53,2,1,5,1,1,3
-74.02582006957877,4.766853607062875,246.8600252,122,53,49,48,48,51,2,1,5,1,1,3
-74.02405437968386,4.764372501100302,247.6923077,73,52,50,47,49,50,2,1,5,1,2,3
-74.0274674899783,4.759350729434386,253.4615385,70,54,50,49,49,53,2,1,5,1,1,3
-74.04041804957689,4.758050449315391,265.8060801,167,56,52,53,51,55,2,1,5,1,1,3
-74.04333112973642,4.682809363324826,326.1538462,128,66,66,64,63,71,1,1,5,1,6,1
-74.03478279023882,4.704174193322755,307.3076923,124,63,62,60,59,67,1,1,5,1,6,1
-74.03463479998229,4.707208435620502,257.0111214,166,55,51,49,50,53,2,1,5,1,1,2
-74.02773724956656,4.739958084129307,247.6923077,91,53,50,49,47,47,2,1,5,1,1,3
-74.02583444980984,4.741641591103108,250.3846154,100,54,50,48,48,51,2,1,5,1,1,3
-74.02793206989718,4.73464935036583,241.9230769,46,53,47,47,46,50,2,1,5,1,1,3
-74.04085095040725,4.73216005066461,312.3076923,62,64,62,62,60,68,1,1,5,1,4,1
-74.02936787955514,4.7463344698461984,317.3076923,21,65,60,65,59,78,1,1,1,1,4,1
-74.04120595023448,4.7502821404451705,312.3076923,41,65,61,61,60,71,1,1,1,1,4,1
-74.04290879039885,4.754576777381824,346.5384615,97,69,72,67,66,79,1,1,5,1,4,1
-74.02794215977444,4.7410918556979444,273.4615385,45,58,53,53,53,60,1,1,5,1,4,2
-74.01830602963805,4.675412032807984,270.7692308,43,57,52,52,52,65,1,1,5,1,4,2
-74.03592294008227,4.705989621754413,353.0769231,40,69,73,70,67,81,1,3,5,1,4,1
-74.02879027989543,4.766806270247202,268.0769231,35,56,53,52,53,55,1,1,5,1,4,3
-74.02816330972603,4.762866258038878,303.0769231,15,63,65,56,58,62,1,3,5,1,4,1
-74.02287729021762,4.748323385918271,275,77,59,54,53,53,58,1,1,5,1,4,2
-74.04725875999132,4.7416383879312995,299.6153846,69,62,60,58,58,65,1,1,5,1,4,1
-74.02477432009529,4.743709488766659,276.5384615,115,59,56,53,53,56,1,1,5,1,4,2
-74.02606451015073,4.728488078701146,280.7692308,25,59,56,54,54,61,1,1,5,1,4,2
-74.04739753982125,4.719919848210281,254.2307692,3,54,48,46,50,67,1,1,5,1,4,3
-74.0299769804369,4.7622478068172995,276.9230769,33,59,53,54,52,66,1,1,5,1,4,2
-74.02970216962181,4.762931142200268,328.8461538,25,68,64,64,63,78,1,1,5,1,4,1
-74.02790712008847,4.694216801278736,353.8461538,17,71,74,69,67,77,1,3,5,1,4,1
-74.05127461019701,4.709647106218214,310,30,63,64,58,60,71,1,2,5,1,4,2
-74.04468087989184,4.690589943059668,304.6153846,19,61,61,59,57,78,1,2,5,1,4,1
-74.01967786038317,4.674148550158918,276.5384615,32,60,54,52,52,65,1,5,5,1,4,2
-74.0432384002429,4.734282899409348,263.0769231,9,56,51,49,50,66,1,5,5,1,4,4
-74.0373041402558,4.76199315774797,234.6153846,31,51,47,45,45,46,1,2,5,1,4,4
-74.04050406955353,4.718152621753907,295.7692308,10,63,58,58,55,67,1,1,5,1,4,2
-74.03342168986978,4.765906631108882,338.4615385,64,68,70,66,66,70,1,1,5,1,4,1
-74.02679965993822,4.693760386006819,356.1538462,45,70,75,68,68,83,1,3,3,1,4,1
-74.04955411005247,4.713208041727275,302.3076923,61,63,59,59,58,69,1,1,5,1,4,1
-74.02826318980921,4.750038138397366,374.2307692,175,72,78,73,73,85,1,1,5,1,4,1
-74.02601290014103,4.741819298182411,342.6923077,59,67,69,67,66,84,1,3,3,1,4,1
-74.03003240020173,4.760565452176232,260.7692308,28,55,53,49,50,57,1,1,5,1,4,2
-74.02732321964537,4.739470565032563,277.3076923,75,58,57,52,54,58,1,1,5,1,4,2
-74.02603524034383,4.722771350957723,312.6923077,56,64,62,60,60,75,1,1,1,1,4,1
-74.02239050035168,4.7035839530544905,278.0769231,47,59,56,53,54,57,1,1,5,1,4,2
-74.0229686596618,4.741084689289082,306.5384615,26,66,59,57,60,71,1,1,5,1,4,1
-74.04976916044329,4.7170420270542,321.9230769,48,66,67,61,61,72,1,1,5,1,4,1
-74.0255901403919,4.728708623656359,267.3076923,33,56,55,50,53,53,1,1,5,1,4,2
-74.04653150010697,4.734236580047661,312.6923077,58,64,63,60,60,72,1,1,1,1,4,1
-74.03846603022743,4.749559755085967,336.9230769,107,67,68,64,65,84,1,3,5,1,4,1
-74.03043046975525,4.769851358828988,329.2307692,110,67,66,63,63,79,1,1,5,1,4,1
-74.04904474013354,4.689974098929842,313.0769231,55,65,62,61,60,70,1,1,5,1,4,1
-74.02873000024492,4.707489616931906,336.9230769,42,67,67,65,65,84,1,3,1,1,4,1
-74.0349735995917,4.723774828008454,308.8461538,15,63,62,58,60,74,1,1,5,1,4,1
-74.03284039004943,4.76266948207146,341.9230769,91,67,71,66,64,85,1,3,1,1,4,1
-74.05093631005091,4.709756150685281,316.9230769,76,65,64,61,61,71,1,1,5,1,4,1
-74.04392640015607,4.735146107358506,340.3846154,121,67,70,66,64,84,1,3,5,1,4,1
-74.0514756298014,4.707325373304,343.4615385,76,70,68,69,64,80,1,3,5,1,4,1
-74.03370314013314,4.748788203747784,327.6923077,121,65,67,63,64,75,1,1,5,1,4,1
-74.04182357972155,4.732368266818295,370.7692308,55,72,77,73,70,88,1,3,1,1,4,1
-74.02248051962798,4.7446439520747425,301.1538462,36,63,61,57,58,66,1,1,1,1,4,1
-74.03174656991845,4.7695398214318505,368.4615385,95,73,77,71,70,85,1,3,3,1,4,1
-74.04111681040884,4.749811042687013,320.3846154,51,65,64,63,61,74,1,1,1,1,4,1
-74.0242271903917,4.753398973922138,329.2307692,46,67,66,63,63,79,1,1,5,1,4,1
-74.02394488044061,4.751824985565371,310,17,62,62,61,60,71,1,1,5,1,4,1
-74.04440045999611,4.736510026345096,348.4615385,91,68,74,67,67,78,1,1,5,1,4,1
-74.03262164039629,4.763095999274158,285.3846154,70,60,57,54,56,61,1,1,5,1,4,2
-74.04106091004533,4.75320375562705,308.4615385,75,63,64,59,59,67,1,1,5,1,4,1
-74.03561441010467,4.760327893064416,283.0769231,27,59,58,54,55,58,1,1,5,1,4,2
-74.04308962036723,4.755656546580569,311.5384615,44,63,64,60,60,69,1,1,5,1,4,1
-74.03805591965582,4.76551914142886,263.0769231,49,54,54,50,51,57,1,1,5,1,4,2
-74.02956340955483,4.744558522290887,300.3846154,48,62,60,59,57,67,1,1,1,1,4,1
-74.06125392012814,4.654354759791659,254.2307692,41,55,50,49,49,52,2,1,5,2,1,3
-74.05865768026088,4.6308582608649225,231.5384615,20,48,48,43,46,47,2,1,5,2,1,5
-74.0215162500357,4.670183454804117,228.1326644,69,49,47,42,45,46,2,1,5,2,1,4
-74.05536194024819,4.658511189014137,343.0769231,79,68,70,67,65,82,1,1,3,2,4,1
-74.05232554026475,4.647625880699016,334.6153846,40,67,68,65,65,75,1,1,1,2,4,1
-74.05266251988739,4.649837905435671,326.9230769,56,66,67,61,64,76,1,1,5,2,4,1
-74.05427807973876,4.665466051393235,314.6153846,13,63,61,61,61,80,1,1,1,2,4,1
-74.04940807003842,4.664552770305395,327.3076923,50,65,67,64,63,74,1,1,3,2,4,1
-74.05876866980918,4.649583669183357,308.4615385,90,64,62,60,57,73,1,1,5,2,4,1
-74.04671544004287,4.6680145767305135,338.8461538,96,68,68,67,63,83,1,3,5,2,4,1
-74.05017086008888,4.64704431182253,326.9230769,72,63,68,62,62,85,1,3,5,2,4,1
-74.06135442993033,4.657602783014726,298.8461538,21,61,61,56,58,69,1,1,5,2,4,1
-74.06015630012351,4.655337189609912,246.1538462,25,52,48,48,48,52,1,1,5,2,4,3
-74.05136381020979,4.64805599432855,257.6923077,24,54,49,48,53,58,1,1,5,2,4,2
-74.06227925000691,4.632008233151063,258.4615385,83,54,51,50,50,57,1,1,5,2,4,3
-74.06784351997963,4.614644135744595,239.6153846,81,52,47,46,47,47,2,1,5,3,1,3
-74.06736986977134,4.620397534115469,259.6153846,41,56,52,51,49,51,2,1,5,3,1,2
-74.07339397027003,4.587742932893478,226.1538462,46,49,45,43,44,45,2,1,5,3,1,4
-74.08231464977479,4.592195386826385,244.6153846,34,52,49,47,48,48,2,1,5,3,1,4
-74.0645728097257,4.617683089395346,246.1538462,16,52,50,46,49,49,2,1,5,3,1,2
-74.07918692975451,4.583073564202509,265.7692308,101,56,56,50,51,52,2,1,5,3,2,2
-74.07114129018485,4.580828750580511,220.9903846,40,47,43,42,43,44,2,1,5,3,1,5
-74.02349294969927,4.578004457150173,241.9230769,16,51,52,45,47,44,2,1,5,3,1,3
-74.0689234099355,4.6178050589035955,311.5384615,62,64,63,60,60,69,1,1,1,3,4,1
-74.06555405029032,4.610206687782908,290.3846154,54,60,60,55,57,59,1,1,5,3,4,2
-74.08595227960146,4.592817689066269,306.9230769,60,63,63,58,60,66,1,1,5,3,4,1
-74.06486226038497,4.6205457588486665,346.5384615,121,68,71,67,67,82,1,3,5,3,4,1
-74.06459135005485,4.588582874778587,262.6923077,28,57,53,50,50,53,1,1,5,3,4,3
-74.06810447967135,4.587702703590059,240.7692308,32,51,50,45,47,47,2,1,5,3,1,4
-74.07843124986952,4.589526027086192,242.6923077,26,51,49,46,48,49,1,1,5,3,4,4
-74.06427508019277,4.590182349193978,241.5384615,10,52,49,46,47,46,1,1,5,3,4,3
-74.09498158967858,4.569181497032991,290.3846154,109,60,59,55,58,59,1,1,5,4,4,1
-74.09394137022397,4.571164065833391,256.5384615,59,56,51,49,49,52,2,1,5,4,1,3
-74.0842339003793,4.546314665331457,252.1520147,84,53,50,49,50,51,2,1,5,4,1,3
-74.08560886983801,4.530916437433473,240.7877219,104,52,48,45,48,46,2,1,5,4,1,3
-74.08499162033831,4.545489008054548,228.1488138,107,50,46,42,44,44,2,1,5,4,1,4
-74.07944943993841,4.569687328959177,259.2307692,82,55,53,49,50,53,2,1,5,4,1,3
-74.08367545010651,4.562381026586889,236.1538462,34,51,47,45,46,47,2,1,5,4,1,3
-74.08801536036444,4.566776548941915,231.8227425,69,50,46,45,45,46,2,1,5,4,1,3
-74.08473932040592,4.552703734752504,236.4201183,130,51,48,44,47,46,2,1,5,4,1,4
-74.09219435989708,4.530444744603776,228.0769231,63,48,46,43,45,47,2,1,5,4,1,3
-74.10094240027223,4.559328594373737,241.1538462,42,52,49,46,46,48,2,1,5,4,1,4
-74.09374105040719,4.556846922053889,241.1538462,25,51,49,44,48,51,2,1,5,4,1,3
-74.09290460030007,4.559768743207548,247.166405,49,52,50,49,48,49,2,1,5,4,1,4
-74.09524289971327,4.551310457409485,263.3533654,64,57,52,51,51,52,2,1,5,4,1,2
-74.09340433039768,4.565207768907237,237.1153846,92,51,47,45,46,49,2,1,5,4,1,3
-74.09342702992659,4.552257038311132,233.0448718,120,51,47,44,45,46,2,1,5,4,1,3
-74.10110480040424,4.565596407003585,257.0498732,91,55,51,49,49,53,2,1,5,4,1,3
-74.08538005007053,4.5766858011887255,319.6153846,52,64,66,61,64,66,1,1,5,4,4,1
-74.08055362033957,4.5415110252541435,231.1538462,59,50,47,43,45,46,2,1,5,4,1,3
-74.09635027003199,4.567173436982999,257.0677837,101,54,51,50,50,51,2,1,5,4,1,3
-74.0853761100597,4.571296682232712,253.9297659,184,54,51,49,50,50,2,1,5,4,1,3
-74.09507434971482,4.55587777580136,219.1504018,67,47,44,41,43,44,2,1,5,4,1,5
-74.08706515030467,4.565173126936426,241.1538462,120,51,49,46,47,48,2,1,5,4,1,4
-74.08028101039693,4.576917914571723,245.7692308,41,53,49,48,47,48,2,1,5,4,1,2
-74.08988601031545,4.522558054074314,238.8461538,56,51,48,45,48,45,2,1,5,4,1,4
-74.08994734009653,4.574603717119909,256.9230769,106,55,52,49,50,50,2,1,5,4,1,3
-74.09562891028243,4.552059098383789,250.6968326,85,53,52,48,50,47,2,1,5,4,1,3
-74.08607143034412,4.528334825888146,234.4615385,60,50,47,44,46,48,2,1,5,4,1,4
-74.09320916960556,4.576263356859217,262.3076923,49,55,54,50,51,52,2,1,5,4,1,2
-74.09576711968215,4.541455862773649,253.4615385,132,55,52,48,48,50,2,1,5,4,2,2
-74.08831250958569,4.555236693741647,252.6923077,122,54,52,48,49,48,2,1,5,4,2,2
-74.09087981022607,4.5804846468112,255.7692308,306,54,52,49,50,50,2,1,5,4,1,3
-74.09751360988449,4.548026441205811,222.6923077,49,48,43,42,45,45,2,1,5,4,1,3
-74.0876823297358,4.5433397047647555,256.9230769,38,55,52,49,49,53,1,1,5,4,4,3
-74.08970260038559,4.57625493961532,296.5384615,73,62,58,59,56,66,1,1,5,4,4,2
-74.09260091044521,4.574596927791083,286.5384615,88,61,57,55,55,61,1,1,5,4,4,2
-74.09194018967229,4.551084624721557,295,65,61,61,57,57,59,1,1,5,4,4,2
-74.09372843985724,4.549940647117985,289.2307692,42,61,59,56,56,56,1,1,5,4,4,2
-74.08830914988653,4.579682778777436,265.3846154,30,57,52,51,51,57,1,1,5,4,4,3
-74.08925858020864,4.581939374672513,296.9230769,81,62,59,58,57,64,1,1,1,4,4,1
-74.08613476965648,4.577748365770209,290.3846154,33,61,59,56,55,62,1,1,1,4,4,2
-74.092767999783,4.551361927956531,245,62,53,48,47,48,49,1,1,5,4,4,4
-74.08566134043375,4.581664406040816,331.1538462,40,68,68,64,64,69,1,1,5,4,4,1
-74.0867542002657,4.533054191666243,241.1538462,9,52,48,46,46,51,1,1,5,4,4,3
-74.08484757997407,4.531893947244515,292.3076923,53,60,61,57,56,58,1,1,5,4,4,2
-74.09461750968045,4.5505183882858145,266.5384615,40,57,53,51,52,54,1,1,5,4,4,3
-74.08869871958085,4.564402586667672,209.6153846,14,47,42,38,40,44,1,1,5,4,4,4
-74.08371421959755,4.5466303304416344,256.9230769,55,54,52,49,50,53,1,1,5,4,4,3
-74.08075240044396,4.571263778639482,262.6923077,21,56,54,51,50,50,1,1,5,4,4,3
-74.08507614012844,4.537755945285113,261.9230769,11,54,53,52,50,54,1,1,5,4,4,3
-74.08918362028975,4.548002145756192,253.8461538,8,55,49,47,51,54,1,1,5,4,4,3
-74.09288742002025,4.547621798419443,260.3846154,106,55,52,50,51,53,1,1,5,4,4,3
-74.08314643043906,4.530050079571746,291.9230769,22,59,62,56,57,57,1,1,5,4,4,1
-74.085039879632,4.578465808595095,209.1025641,126,45,42,40,41,40,1,1,5,4,4,5
-74.09662961015273,4.572985619987424,229.2307692,79,49,45,43,46,47,1,1,5,4,4,5
-74.08944286958916,4.524351086274583,281.5384615,18,59,58,53,55,57,1,1,5,4,4,2
-74.11351462001583,4.514296529558577,263.6636245,59,56,54,51,51,51,2,1,5,5,1,3
-74.11562671016578,4.525310501228221,267.3076923,35,58,54,52,50,53,2,1,5,5,1,2
-74.1211322698448,4.518864358704202,236.1538462,117,50,47,45,47,47,2,1,5,5,1,3
-74.09103149974494,4.513444513427456,236.9230769,63,51,48,44,47,46,2,1,5,5,1,3
-74.10051149999,4.498495709951766,250.2,100,53,51,48,49,49,2,1,5,5,1,3
-74.09103099040017,4.515952418903018,237.8692308,50,51,48,44,46,50,2,1,5,5,1,3
-74.10872264965917,4.498520448567278,241.9230769,84,52,49,46,47,47,2,1,5,5,1,3
-74.12231186022078,4.523318992554327,261.1538462,94,55,53,50,51,52,2,1,5,5,1,3
-74.1200391899256,4.525328819879885,248.4432234,105,53,49,47,49,49,2,1,5,5,1,3
-74.11677438968793,4.50682747211385,248.0232558,86,53,51,48,48,47,2,1,5,5,1,4
-74.11722512028004,4.49504292300099,251.5384615,34,54,50,47,50,51,2,1,5,5,1,4
-74.11509562976306,4.496753619977062,240.7506951,166,51,50,46,47,46,2,1,5,5,1,3
-74.10369507006811,4.507009599378638,241.4578164,186,52,49,46,48,46,2,1,5,5,1,4
-74.11478117988776,4.517927245403757,252.3076923,90,55,50,48,49,50,2,1,5,5,1,3
-74.11164920993787,4.502785740852932,246.9230769,63,52,51,47,48,48,2,1,5,5,1,3
-74.10580542018134,4.5123159796885925,257.3076923,185,54,52,50,50,51,2,1,5,5,1,3
-74.11090247996806,4.506361173557856,256.9230769,144,54,52,49,50,53,2,1,5,5,1,3
-74.10654808976608,4.503087996285478,246.5384615,107,52,50,47,49,47,2,1,5,5,1,3
-74.08819695030755,4.516734144986207,243.0769231,110,52,50,46,47,47,2,1,5,5,1,3
-74.11832603979671,4.501748510078751,257.6923077,79,54,54,49,50,49,2,1,5,5,2,2
-74.10424832987519,4.497023867384891,255.7692308,85,55,53,48,49,50,2,1,5,5,2,3
-74.11225830992132,4.500474670267451,247.6923077,44,53,50,47,48,50,2,1,5,5,1,3
-74.11964040980469,4.51280888689674,265.3846154,81,56,54,50,52,54,2,1,5,5,2,2
-74.11507104017879,4.532181080666547,278.0769231,110,58,58,52,55,54,2,1,5,5,2,2
-74.11343537962463,4.490121434353693,240.7692308,108,51,48,47,47,47,2,1,5,5,1,4
-74.11613228021105,4.532592854070066,248.4615385,244,53,50,48,48,49,2,1,5,5,1,3
-74.12310475012147,4.47495504686788,265.3846154,31,56,53,50,53,54,2,1,5,5,2,2
-74.11798135981546,4.5157921715967015,246.5384615,17,53,50,46,48,50,2,1,5,5,2,4
-74.12114597993266,4.474353126765893,242.5961538,100,52,50,45,48,47,2,1,5,5,1,2
-74.10670387021277,4.517443073932975,249.2307692,46,53,49,48,49,51,2,1,5,5,1,3
-74.11191823021264,4.51228534357563,250.5340343,139,54,51,48,48,48,2,1,5,5,1,3
-74.10847768986098,4.513083468971886,239.8717949,45,53,48,45,46,48,2,1,5,5,1,3
-74.10711277973682,4.507171877910503,244.6153846,82,52,50,46,48,48,2,1,5,5,1,4
-74.09294450975318,4.50913826638788,265,27,57,52,53,51,50,2,1,5,5,1,4
-74.10444872964203,4.48545622564062,233.8461538,115,50,46,46,46,44,2,1,5,5,1,4
-74.10957955979524,4.508161333058951,245.745405,113,53,50,47,48,47,2,1,5,5,1,3
-74.10781280988829,4.4986353607867136,250,52,53,50,48,49,50,2,1,5,5,1,3
-74.10524931990133,4.477593277927466,234.2307692,51,51,46,45,46,45,2,1,5,5,1,4
-74.10930458997834,4.533147365401369,245.9507347,89,53,51,46,47,48,2,1,5,5,1,3
-74.11415082037479,4.512798785314885,259.2307692,19,56,52,49,50,53,1,1,5,5,4,3
-74.11436364024874,4.514984630915449,285.3846154,27,60,56,56,55,61,1,1,5,5,4,2
-74.11998613003503,4.519681230880252,276.1538462,14,60,51,57,53,55,1,1,5,5,4,3
-74.11162245990535,4.509921183704887,288.8461538,8,61,57,58,54,61,1,1,5,5,4,2
-74.11409144981936,4.495721865862032,298.0769231,3,61,64,58,58,52,1,1,5,5,4,3
-74.11233980957549,4.510738966854964,268.4615385,21,57,54,52,51,56,1,1,5,5,4,3
-74.11467100960299,4.5126655697956615,250,13,51,51,46,51,53,1,1,5,5,4,3
-74.11109763986185,4.51074750396959,315.3846154,18,64,65,62,61,64,1,1,5,5,4,2
-74.11440134972774,4.514262268429789,275,15,58,57,54,51,55,1,1,5,5,4,3
-74.11364542999256,4.512242481672295,226.9230769,8,52,43,44,43,44,1,1,5,5,4,3
-74.11354310020361,4.511302691133446,273.0769231,33,57,55,53,53,56,1,1,5,5,4,2
-74.11263744029372,4.5082202270880005,273.0769231,19,58,52,54,53,59,1,1,5,5,4,2
-74.11572796017975,4.50678405375956,263.0769231,26,54,55,50,52,51,1,1,5,5,4,2
-74.11441792005148,4.538397436918669,288.4615385,31,59,60,55,57,57,1,1,5,5,4,2
-74.10835542016767,4.503877059054198,276.9230769,43,59,55,53,54,57,1,1,5,5,4,2
-74.10749558960863,4.496744936723544,234.6153846,15,51,49,42,45,49,1,1,5,5,4,4
-74.1192200099298,4.517478633422071,250.7692308,18,53,51,47,48,55,1,1,5,5,4,2
-74.11344659958253,4.504682695627297,305.3846154,15,62,64,59,60,59,1,1,5,5,4,2
-74.11696306015212,4.539608173351654,246.9230769,11,53,50,46,48,51,1,1,5,5,4,4
-74.1090923899419,4.509304450766398,306.1538462,24,64,60,62,59,61,1,1,5,5,4,1
-74.10400496009505,4.503466239214749,258.4615385,10,56,51,47,51,57,1,1,5,5,4,2
-74.10593975963882,4.509279664158745,270.3846154,37,56,53,53,53,58,1,1,5,5,4,2
-74.11453756037596,4.512035770700298,246.5384615,13,53,47,47,49,53,1,1,5,5,4,3
-74.10377942007666,4.492631111933436,260.7692308,21,56,52,51,51,48,1,1,5,5,4,2
-74.13131782038873,4.578613577317741,252.8205128,228,54,51,49,49,51,2,1,5,6,1,3
-74.14357751983825,4.5920322606775885,259.4387755,196,55,52,50,51,52,2,1,5,6,1,3
-74.13796972020181,4.585473657089895,263.6040609,197,56,54,51,51,52,2,1,5,6,1,2
-74.12892239980155,4.5800201778271505,263.8461538,81,56,56,49,50,53,2,1,5,6,1,3
-74.13316828968688,4.579413692368399,250.5365017,157,53,51,48,48,50,2,1,5,6,1,3
-74.13840822023134,4.577487546322944,258.1238274,164,55,52,49,50,50,2,1,5,6,1,3
-74.12484351032079,4.560074902355813,253.8461538,121,54,52,48,49,51,2,1,5,6,1,3
-74.13199753963161,4.576106856997575,251.9230769,244,54,51,48,49,49,2,1,5,6,1,2
-74.12651563978054,4.571301020725143,246.1538462,147,52,50,47,48,49,2,1,5,6,1,3
-74.15246949996632,4.58942980365004,260,65,56,53,50,50,49,2,1,5,6,1,3
-74.13235174983971,4.564417817653619,235,162,51,47,44,46,47,2,1,5,6,1,4
-74.13708751979557,4.566644391079281,248.4615385,48,53,50,47,48,52,2,1,5,6,1,4
-74.12237900030512,4.549471000371023,326.9230769,37,67,66,64,63,70,1,1,5,6,6,1
-74.13002177960583,4.560749628313164,266.1538462,24,55,56,50,52,53,1,1,5,6,4,2
-74.14161953028542,4.589964329777776,276.1538462,28,57,54,53,56,58,1,1,5,6,4,2
-74.13013358033282,4.566458768637282,300,67,63,61,58,57,63,1,1,5,6,4,1
-74.13456006033636,4.582941604554308,289.6153846,164,60,58,56,57,60,1,1,5,6,4,2
-74.13684712972722,4.591258351165686,293.4615385,101,61,58,59,56,61,1,1,5,6,6,1
-74.13248498975929,4.565928725554624,284.6153846,23,59,57,55,56,59,1,1,5,6,4,2
-74.13004622006976,4.565855526710267,277.3076923,70,58,59,51,53,58,1,1,5,6,4,2
-74.1406225799831,4.592878684013818,262.3076923,38,55,51,52,51,55,1,1,5,6,4,2
-74.14339546007625,4.57795008188527,318.4615385,73,64,67,61,61,69,1,1,5,6,4,1
-74.14835533005109,4.5878780453836665,263.0769231,49,57,51,51,50,57,1,1,5,6,4,2
-74.13951525997004,4.586922686077526,245,15,52,48,48,47,52,1,1,5,6,4,3
-74.12757079013349,4.569435949202361,315.7692308,11,64,65,62,60,68,1,1,5,6,4,1
-74.1279968700559,4.575844739442234,326.9230769,21,66,67,62,63,76,1,1,5,6,4,1
-74.12608218019808,4.5735832082808905,386.1538462,18,74,82,74,77,83,1,1,5,6,4,1
-74.14186965000661,4.588792526769473,310,95,63,63,59,60,71,1,1,5,6,4,1
-74.13696213025327,4.59430497735545,240.3846154,21,51,49,46,46,49,1,1,5,6,4,4
-74.13704294988274,4.594543813263869,238.0769231,72,51,48,45,46,49,1,1,5,6,4,4
-74.13883093955627,4.585556684067014,281.9230769,32,58,57,54,55,61,1,1,5,6,4,2
-74.19694675965118,4.605167745855344,242.753789,269,52,48,47,48,47,2,1,5,7,1,4
-74.18743227038743,4.599625491900668,250.475927,278,53,51,47,50,51,2,1,5,7,1,3
-74.16620889986027,4.603340404344916,254.6120973,117,55,51,49,49,52,2,1,5,7,1,3
-74.18131089042832,4.6280729837220544,253.3372523,229,54,51,48,50,50,2,1,5,7,1,3
-74.19967256982008,4.610234396209358,257.6923077,197,54,53,48,51,52,2,1,5,7,1,3
-74.17906667965967,4.6061167080418945,239.6723647,81,51,48,46,47,48,2,1,5,7,1,3
-74.1997837201668,4.6034041777671995,255.3846154,76,54,51,50,49,52,2,1,5,7,1,3
-74.19491945968429,4.6223645749185165,248.8461538,63,53,50,48,49,47,2,1,5,7,1,4
-74.20486599997216,4.609832000267819,253.0769231,62,54,50,49,50,49,2,1,5,7,2,2
-74.20213247956318,4.609947063938462,258.8461538,98,55,54,47,51,52,2,1,5,7,2,2
-74.18640948004597,4.611916545935799,274.6153846,86,57,58,51,53,57,2,1,5,7,2,2
-74.19277257958004,4.629434682307723,285,83,60,59,54,55,57,2,1,5,7,2,2
-74.18990533955113,4.633017149887176,258.8461538,88,56,52,49,51,49,2,1,5,7,2,2
-74.2014896702987,4.627761716934371,258.9630634,227,54,52,50,51,52,2,1,5,7,1,3
-74.19992122977892,4.616431450624832,260.9615385,192,54,54,49,52,50,2,1,5,7,1,3
-74.18926800012841,4.628661884415495,247.4690352,236,53,50,46,48,49,2,1,5,7,1,3
-74.20480484985414,4.635559668258139,246.5747933,307,53,50,47,48,48,2,1,5,7,1,3
-74.20655090976345,4.631684555417996,250.5291777,290,53,50,48,49,50,2,1,5,7,1,3
-74.1944212001288,4.624860813022037,248.0319303,265,52,51,47,48,50,2,1,5,7,1,4
-74.18532384985542,4.630546208260711,254.9866607,173,54,52,50,50,50,2,1,5,7,1,3
-74.2073150095576,4.622194749192331,241.3461538,136,52,48,46,47,47,2,1,5,7,1,4
-74.18716606992433,4.64085355131037,258.4615385,379,55,52,50,50,51,2,1,5,7,1,3
-74.18348175016077,4.618828064367457,255.7692308,198,55,51,48,49,56,2,1,5,7,1,3
-74.20253649955716,4.627037255612357,261.1538462,66,56,52,50,51,52,2,1,5,7,2,3
-74.1858795602666,4.642793362603327,270,29,58,53,53,52,54,2,1,5,7,2,2
-74.20380999981296,4.614979999636644,241.5384615,98,52,48,46,47,49,2,1,5,7,2,4
-74.18235036967113,4.6137255472151475,256.9230769,26,54,53,50,49,50,2,1,5,7,1,3
-74.19228197007752,4.6251948132450424,254.6153846,36,54,51,49,50,50,2,1,5,7,2,3
-74.18584133964622,4.600609405280257,251.9230769,171,54,50,49,49,49,2,1,5,7,1,3
-74.18742636037118,4.603768037705877,255.5288462,128,54,52,49,49,51,2,1,5,7,1,3
-74.18481198980653,4.610845638717555,256.4850427,72,54,52,48,50,51,2,1,5,7,1,3
-74.19067382042893,4.606899310196721,256.4871795,315,54,51,49,50,50,2,1,5,7,1,2
-74.19341498011107,4.611787127421479,240.2362358,197,51,48,46,47,49,2,1,5,7,1,3
-74.2007300701658,4.625542451883462,255.0526316,95,54,52,49,51,48,2,1,5,7,1,3
-74.20424174001997,4.617791850868831,231.2793235,141,50,46,43,45,45,2,1,5,7,1,3
-74.1836476195864,4.635850681780248,256.2840012,263,54,51,50,50,50,2,1,5,7,1,3
-74.18848746026624,4.622548741222891,245.2991453,99,52,48,47,48,51,2,1,5,7,1,3
-74.1950638396117,4.621134603122692,254.6153846,26,54,51,49,50,50,1,1,5,7,4,3
-74.19444290971427,4.623991707211101,255.7692308,83,54,54,47,50,50,1,1,5,7,4,3
-74.20111060011342,4.637546881781339,271.5384615,51,57,55,51,54,55,1,1,5,7,4,3
-74.16132381014125,4.601135422800526,291.9230769,43,60,59,56,56,66,1,1,5,7,4,2
-74.15993419994005,4.602416048142178,287.3076923,78,60,58,55,56,60,1,1,5,7,4,2
-74.18400795001654,4.600974808561682,280,36,56,58,55,54,59,1,1,5,7,4,2
-74.16462420971533,4.600998310662494,253.4615385,30,54,52,46,50,53,1,1,5,7,4,2
-74.1793062998718,4.609335438317187,266.1538462,29,56,54,51,52,53,1,1,5,7,4,3
-74.19215892962967,4.626321494039184,276.1538462,161,57,56,54,54,55,1,1,5,7,4,2
-74.18029490033355,4.6035620138736375,253.4615385,38,54,50,49,50,50,1,1,5,7,4,2
-74.1808477702718,4.601094509256199,236.1538462,3,52,42,44,49,53,1,1,5,7,5,5
-74.1865850000727,4.610944882157067,289.6153846,23,61,58,56,55,63,1,1,5,7,4,1
-74.15492014987547,4.600032727101917,310,39,62,63,61,60,68,1,1,5,7,4,1
-74.1886866500024,4.6296274997674836,264.6153846,25,56,53,50,52,55,1,1,5,7,4,4
-74.19818592989009,4.607565449714449,250,31,54,48,48,49,53,1,1,5,7,4,3
-74.20009963968593,4.604198777009435,267.3076923,11,57,55,52,52,47,1,1,5,7,4,2
-74.19270579972013,4.624134576752769,283.4615385,19,62,57,52,56,56,1,1,5,7,4,2
-74.20023176030466,4.62192037184884,271.9230769,6,56,56,51,53,59,1,1,5,7,4,2
-74.17949889956704,4.602955418591363,232.1374527,61,50,46,44,45,47,1,1,5,7,4,4
-74.17726086022438,4.627424827612601,230,34,50,47,42,45,46,1,1,5,7,4,5
-74.19812617036412,4.622295282202026,248.8461538,87,53,50,48,48,50,1,1,5,7,4,4
-74.20294247967509,4.610946814447353,259.2307692,58,56,52,50,49,53,1,1,5,7,4,3
-74.1871150096836,4.628850266347027,292.3076923,29,62,59,56,57,58,1,1,5,7,4,2
-74.20601687031021,4.613194574883454,304.2307692,26,62,63,60,59,59,1,1,5,7,4,2
-74.19077964017275,4.628287685682972,272.3076923,19,57,53,55,53,54,1,1,5,7,4,3
-74.18102366040442,4.6252463098044965,303.8461538,150,63,61,60,58,64,1,1,5,7,4,1
-74.17795417996066,4.628457500098839,271.9230769,24,57,55,52,53,56,1,1,5,7,4,2
-74.19413552958025,4.612833299433358,221.1538462,30,47,46,41,43,44,1,1,5,7,4,5
-74.17983305039485,4.626232535394312,259.2307692,40,54,53,50,50,53,1,1,5,7,4,2
-74.19530270973058,4.630054018649693,283.0769231,116,60,58,54,54,58,1,1,5,7,4,2
-74.18772615962251,4.60518245931777,238.8461538,45,52,46,46,47,48,1,1,5,7,4,4
-74.19868053959057,4.62868766166961,227.6923077,26,48,45,44,45,46,1,1,5,7,4,5
-74.17837441005393,4.630501887688029,247.6923077,25,55,49,47,48,47,1,1,5,7,4,3
-74.18432163991712,4.610108471274429,261.1538462,39,53,55,48,52,55,1,1,5,7,4,2
-74.18669692027562,4.607865324085964,291.1538462,48,61,58,57,56,61,1,1,5,7,4,2
-74.18641947021023,4.610018336714842,302.6923077,71,61,62,58,59,67,1,1,5,7,4,1
-74.18469538039781,4.611823392293877,288.2167832,275,60,58,56,56,59,1,1,5,7,5,2
-74.19151871020814,4.600354745729943,275.7692308,88,58,56,53,53,57,1,1,5,7,4,2
-74.19576006988952,4.602297600360794,260.7692308,27,56,52,49,51,54,1,1,5,7,4,3
-74.18711921020586,4.604460368391202,230,16,51,44,45,44,46,1,1,5,7,4,3
-74.18570200016585,4.628338744173727,298.4615385,81,61,60,57,59,65,1,1,5,7,4,1
-74.18766828027044,4.606167820062301,285.3846154,106,60,58,55,54,61,1,1,5,7,4,2
-74.1827439503432,4.631750599666274,290.3846154,123,60,60,55,57,59,1,1,5,7,4,2
-74.18514101035576,4.618127414207749,293.0769231,28,60,60,56,58,60,1,1,1,7,5,2
-74.1359583302969,4.6162069350554855,260.8590942,107,56,53,49,50,54,2,1,5,8,1,2
-74.16207355036558,4.641830941116411,256.2035809,116,54,52,49,50,48,2,1,5,8,1,2
-74.12441843022329,4.633801923192518,277.3076923,213,58,57,53,53,58,2,1,5,8,1,2
-74.14639881014206,4.599555808352962,249.2307692,75,53,50,48,48,52,2,1,5,8,1,3
-74.14822807021636,4.623373960259479,238.5056747,122,51,48,46,47,46,2,1,5,8,1,3
-74.155708170009,4.618083268356218,263.1422351,106,55,53,50,51,54,2,1,5,8,1,3
-74.15351232004367,4.621523939593685,253.8461538,163,54,51,49,49,51,2,1,5,8,1,4
-74.160895499702,4.62181018733182,260.7692308,105,56,52,50,51,51,2,1,5,8,1,3
-74.17905179008383,4.614112112895677,248.4521576,123,53,50,48,48,50,2,1,5,8,1,3
-74.15840301974163,4.621640839613411,252.3461538,100,53,50,49,50,51,2,1,5,8,1,3
-74.16291301971039,4.621453837358206,248.0769231,68,53,50,47,49,48,2,1,5,8,1,3
-74.16137075969127,4.617098638670182,255.3344482,115,54,51,48,50,55,2,1,5,8,1,3
-74.12738795961698,4.632070769265465,277.2922044,149,59,54,54,54,56,2,1,5,8,1,2
-74.15446413000296,4.612547979295383,257.6923077,99,55,52,48,51,52,2,1,5,8,1,2
-74.15051359001336,4.616838652917798,255.78257,173,55,51,49,49,51,2,1,5,8,1,2
-74.14161490036844,4.6178948710263095,266.5384615,117,57,54,50,52,54,2,1,5,8,1,2
-74.15294565018603,4.633569319795723,263.3545151,115,56,54,50,51,51,2,1,5,8,1,3
-74.13612617960943,4.604955536002997,262.6923077,50,55,54,50,51,53,2,1,5,8,1,2
-74.1582112303268,4.617471318445957,270.7692308,95,57,56,51,52,56,2,1,5,8,1,2
-74.14854823966509,4.603772205871832,262.256894,106,56,52,50,51,53,2,1,5,8,1,2
-74.14077619010006,4.620251007917844,264.0880893,186,56,53,51,52,54,2,1,5,8,1,2
-74.14752296997345,4.6188541508917,257.3833544,122,55,51,49,49,55,2,1,5,8,1,3
-74.1564526002917,4.6247014908255455,256.2466587,518,55,52,49,49,51,2,1,5,8,1,3
-74.15168863042244,4.6218759692553775,248.5366587,128,53,50,47,48,51,2,1,5,8,1,3
-74.15106996966944,4.624341059323064,251.9230769,52,53,51,48,50,49,2,1,5,8,1,3
-74.17794241023381,4.616540035000821,253.9400716,172,54,51,49,49,50,2,1,5,8,1,3
-74.1628427903198,4.6089750518378745,248.4615385,46,52,49,49,49,49,2,1,5,8,1,3
-74.16030800959102,4.640532864585543,245.9615385,104,53,51,46,48,49,2,1,5,8,1,3
-74.12730419980156,4.620699490233939,254.0060501,89,54,50,49,49,52,2,1,5,8,1,3
-74.14188925034779,4.640450244266805,265.2499189,237,56,53,52,52,55,2,1,5,8,1,2
-74.16711741012455,4.605794019564956,250.6993007,99,53,52,46,49,52,2,1,5,8,1,2
-74.14364346965483,4.607761841336349,256.6987179,144,54,52,49,51,51,2,1,5,8,1,2
-74.16747201020148,4.640278419938579,250.8528428,207,54,51,48,49,49,2,1,5,8,1,3
-74.17319807035014,4.645356483921012,258.4615385,108,55,53,49,50,51,2,1,5,8,2,2
-74.17486469044225,4.641656413109678,241.9548342,109,51,48,46,47,50,2,1,5,8,1,3
-74.17227789995347,4.63484823371553,255.7692308,127,55,51,49,50,50,2,1,5,8,1,3
-74.18233638020722,4.638029729218363,281.1538462,78,58,59,52,55,59,2,1,5,8,2,2
-74.144040230363,4.637938091297205,266.8847977,211,57,53,51,51,58,2,1,5,8,1,2
-74.15578114015955,4.644854481580824,270.5720477,355,57,54,52,52,54,2,1,5,8,1,2
-74.16571901978975,4.648190210714517,254.5966736,185,55,51,49,49,49,2,1,5,8,1,3
-74.13966147964715,4.6485980716111115,264.39819,170,56,53,51,52,54,2,1,5,8,1,2
-74.16376323021105,4.642327687110679,264.2718916,159,56,54,51,51,52,2,1,5,8,1,2
-74.17792166993053,4.636097252294056,258.8221154,128,55,51,51,51,51,2,1,5,8,1,3
-74.17457112999055,4.63367399858631,260.3846154,35,54,54,49,52,50,2,1,5,8,2,3
-74.14550847010102,4.634302772981074,273.4615385,16,60,54,51,52,60,2,1,5,8,2,2
-74.17546530044797,4.617288090097284,301.9230769,56,61,62,59,59,62,1,1,5,8,4,1
-74.15611524966485,4.60617024305243,273.8461538,6,57,56,52,52,61,1,1,5,8,5,4
-74.17243266979547,4.633208070851262,270,9,55,54,55,52,54,1,1,5,8,4,3
-74.13930207987165,4.6417465320023865,276.1538462,52,58,55,53,53,61,1,1,5,8,4,2
-74.1543612297838,4.619224629753532,274.6153846,36,57,54,54,54,57,1,1,5,8,4,2
-74.1507395800877,4.608661788856964,295,62,61,61,56,57,62,1,1,5,8,4,2
-74.13062549957904,4.632280575860747,283.8461538,31,60,56,54,55,63,1,1,5,8,4,1
-74.15995549989375,4.622034347446625,262.6923077,27,57,53,49,51,53,1,1,5,8,4,2
-74.15682259030609,4.608556061428084,296.9230769,139,62,60,57,57,64,1,1,5,8,4,1
-74.14967817027386,4.627311997187155,321.5384615,54,65,65,63,62,71,1,1,5,8,4,1
-74.13578358012637,4.626329864130912,312.6923077,127,64,64,60,60,69,1,1,5,8,4,1
-74.15463980004834,4.617969429119372,273.8461538,70,57,56,52,54,55,1,1,5,8,4,3
-74.14382507037773,4.597830323986466,286.1538462,49,60,58,54,56,60,1,1,5,8,4,2
-74.13478751017304,4.626741966567902,298.0769231,90,63,59,58,57,64,1,1,5,8,4,1
-74.14443215005011,4.626991986604388,275.3846154,36,58,55,53,53,59,1,1,5,8,4,2
-74.13025527959594,4.611279992970202,260.7692308,24,56,52,49,50,57,1,1,5,8,4,3
-74.15373079032076,4.6124125339178965,273.4615385,51,59,54,53,52,57,1,1,5,8,4,2
-74.14675448999397,4.614823724067273,325,62,67,67,62,62,71,1,1,5,8,4,1
-74.13210917956017,4.624475441384469,278.4615385,42,58,54,55,55,58,1,1,5,8,4,2
-74.15441838958532,4.627432271861057,231.1538462,12,50,50,42,43,46,1,1,5,8,4,3
-74.1385636000294,4.6026337879604995,269.2307692,37,57,54,52,51,58,1,1,5,8,4,2
-74.15667037976434,4.623559986926099,262.6923077,25,56,51,51,51,56,1,1,5,8,4,3
-74.14337250003591,4.624906193194654,281.1538462,19,60,54,56,53,62,1,1,5,8,4,2
-74.16254233978987,4.620685279409964,302.3076923,13,63,60,61,58,60,1,1,5,8,4,1
-74.17240080026413,4.608908547913163,265.3846154,14,56,52,52,52,54,1,1,5,8,4,3
-74.17372723015478,4.612870731861083,279.2307692,22,61,55,54,54,54,1,1,5,8,4,2
-74.16943846008766,4.614620107597749,261.9230769,43,55,52,50,52,54,1,1,5,8,4,2
-74.16434937015416,4.635386297319388,250,28,54,50,47,49,50,1,1,5,8,4,3
-74.13535388987484,4.607964454224361,323.4615385,82,65,69,62,61,70,1,1,5,8,4,1
-74.16805070041595,4.611220195863997,263.8461538,28,56,55,49,51,53,1,1,5,8,4,3
-74.16574531976633,4.636731931323805,289.6153846,102,61,58,57,56,57,1,1,5,8,4,1
-74.17348815971158,4.611237498719789,247.3076923,38,53,49,48,48,49,1,1,5,8,4,3
-74.17259848981375,4.61924241503339,314.2307692,24,63,65,61,62,64,1,1,5,8,4,2
-74.17239724024066,4.623853851833786,263.4615385,39,56,53,51,51,52,1,1,5,8,4,2
-74.16393058994174,4.638196640284214,259.6153846,45,54,52,50,51,54,1,1,5,8,4,3
-74.17518514016535,4.608003400154246,281.5384615,15,59,57,53,55,60,1,1,5,8,4,2
-74.14589456960341,4.61939221859346,256.9230769,18,54,54,49,49,50,1,1,5,8,4,2
-74.1552512096004,4.61255490884162,301.1538462,45,63,62,57,58,63,1,1,5,8,4,1
-74.1577712399922,4.610583091598253,309.6153846,132,63,64,60,60,64,1,1,5,8,4,1
-74.16612203995882,4.6372299997925825,287.3076923,143,61,59,55,55,57,1,1,5,8,5,2
-74.15118233992831,4.625223162185194,296.9230769,55,62,60,57,57,64,1,1,5,8,4,2
-74.14019857966056,4.602238226927743,269.2307692,20,56,54,51,53,58,1,1,5,8,4,2
-74.17576368036116,4.614511011652655,259.2307692,39,55,53,49,50,53,1,1,5,8,4,2
-74.14751159999689,4.629124400147023,270,56,57,55,51,52,57,1,1,5,8,4,2
-74.15276088020681,4.60533845584732,250,34,53,51,46,49,53,1,1,5,8,4,2
-74.16126443958582,4.637753992570457,272.6923077,36,57,55,52,54,55,1,1,5,8,4,3
-74.16437431996286,4.625257513817849,244.6153846,21,51,51,45,48,51,1,1,5,8,4,3
-74.13854891976102,4.643072340303029,304.6153846,74,63,60,60,59,66,1,1,5,8,4,1
-74.1366739201674,4.644054247738713,286.9230769,47,60,58,55,55,62,1,1,5,8,4,2
-74.16899126975608,4.6331800060664206,246.5384615,73,52,48,48,49,50,1,1,5,8,4,3
-74.17837363031627,4.644629641956274,255.7692308,16,54,53,48,50,50,1,1,5,8,4,3
-74.14101758987479,4.641971795159864,281.1538462,38,58,57,53,55,62,1,1,5,8,4,2
-74.16915252004453,4.607839623975922,268.4615385,7,57,52,52,52,59,1,1,5,8,4,3
-74.17621701966085,4.611304913951328,275.7692308,58,59,55,53,53,57,1,1,5,8,4,2
-74.16428758043565,4.634596844736733,258.4615385,22,56,51,48,52,51,1,1,5,8,4,3
-74.17192587983803,4.624285520007055,268.8461538,58,56,54,52,52,57,1,1,5,8,4,2
-74.17255495026856,4.640021620373715,278.0769231,50,58,58,51,55,57,1,1,5,8,4,2
-74.17553780976273,4.640634538376643,271.1538462,12,57,56,52,52,54,1,1,5,8,4,3
-74.15402947027127,4.623097666337057,212.3076923,12,46,45,37,41,45,1,1,5,8,4,5
-74.16362462016271,4.635536224606597,229.2307692,12,48,45,42,47,50,1,1,5,8,4,5
-74.14919014971598,4.624651605929596,243.0769231,37,53,47,47,47,50,1,1,5,8,4,4
-74.17329448024138,4.606241278027375,285.3846154,35,60,57,55,55,61,1,1,5,8,4,2
-74.16273438971614,4.636512924274779,294.6153846,19,62,59,58,56,61,1,1,5,8,4,2
-74.13273341974941,4.627371115128348,300.7692308,41,61,62,58,59,62,1,1,5,8,5,1
-74.17828331998582,4.622498126429794,283.0769231,43,60,57,54,55,58,1,1,5,8,4,2
-74.14994580983804,4.64391396893613,263.0769231,7,52,54,52,51,57,1,1,5,8,4,3
-74.14266834032908,4.638837001253251,285.7692308,20,60,57,54,55,65,1,1,5,8,4,2
-74.1412418803366,4.639361348301484,286.9230769,23,59,57,56,56,62,1,1,5,8,4,2
-74.15272294974226,4.619823951266482,222.6923077,8,47,48,36,46,48,1,1,5,8,4,3
-74.15358495961416,4.62358782018591,224.6153846,15,48,47,40,45,44,1,5,5,8,4,4
-74.15374436027145,4.623412000102221,242.6923077,51,52,48,46,47,52,1,1,5,8,4,4
-74.15117816994876,4.6199756610029326,218.4615385,10,47,47,38,43,43,1,1,5,8,4,4
-74.17004894976486,4.6141644277637734,272.6923077,25,58,54,51,54,58,1,1,5,8,4,2
-74.16482088955857,4.645188424005097,297.6923077,33,61,60,57,58,66,1,1,5,8,4,2
-74.14106882977859,4.619478114943404,288.0769231,23,60,56,58,55,62,1,1,5,8,4,2
-74.16357092965481,4.619222701962752,266.5384615,15,56,52,53,53,51,1,1,5,8,4,3
-74.14435247038271,4.639973425228659,278.4615385,50,59,56,53,53,61,1,1,5,8,4,2
-74.14703083962314,4.654284438767247,322.6923077,66,65,66,63,61,74,1,1,5,8,4,1
-74.13654938043135,4.6279059726690805,244.9038462,40,51,49,47,47,54,1,1,5,8,4,4
-74.15089360971791,4.621273093863984,291.1538462,19,61,57,57,56,64,1,1,5,8,4,2
-74.1444909600568,4.6702835771758195,255.8974359,120,54,52,49,50,50,2,1,5,9,1,3
-74.14937285985825,4.672148166724597,254.6153846,152,54,51,49,49,53,2,1,5,9,1,3
-74.15972573959016,4.671733573175504,273.884843,169,59,55,53,52,56,2,1,5,9,1,2
-74.13047858011433,4.656473619212739,305,75,63,64,59,57,64,2,1,5,9,1,1
-74.1586481601012,4.688936076894558,260.8561873,115,55,53,50,50,53,2,1,5,9,1,3
-74.139205640336,4.672844082425805,268.1206294,220,57,54,51,52,58,2,1,5,9,1,2
-74.14521983960363,4.686735747316923,253.3630394,164,54,51,48,50,50,2,1,5,9,1,3
-74.1380401499167,4.682127704714562,270.3846154,78,57,54,51,53,58,2,1,5,9,1,2
-74.13799548029088,4.679359413298169,257.515083,102,55,53,48,49,52,2,1,5,9,1,3
-74.14742343035176,4.678245154021333,257.487725,94,55,53,49,50,51,2,1,5,9,1,3
-74.14838839973164,4.688270692930227,263.4615385,66,55,54,50,52,52,2,1,5,9,1,2
-74.12513477018705,4.665165477140471,271.5384615,20,55,55,54,52,58,1,1,5,9,4,2
-74.11734730014183,4.666027847614393,365.7692308,45,73,75,71,70,84,1,1,5,9,4,1
-74.13838929003336,4.674668931446022,311.9230769,108,64,63,60,61,67,1,1,5,9,4,1
-74.12582192029396,4.665937395183403,310.7692308,26,62,63,58,62,73,1,1,5,9,4,1
-74.11874183041586,4.66728947722234,266.9230769,17,57,54,49,51,61,1,1,5,9,4,2
-74.14229724987848,4.68630180038682,259.6153846,36,55,52,49,51,54,1,1,5,9,4,2
-74.11781358955469,4.670169364056666,339.6153846,14,66,71,67,65,76,1,1,5,9,4,1
-74.15378521026068,4.678904402931922,270,34,58,53,53,51,57,1,1,5,9,4,3
-74.11642218990943,4.665520463816,344.2307692,35,68,71,66,67,79,1,1,5,9,4,1
-74.11339245991698,4.655582882132389,341.9230769,223,69,69,67,65,79,1,1,5,9,4,1
-74.11820135992348,4.666145051836388,300.7692308,18,63,59,59,57,68,1,1,5,9,4,1
-74.16704613958653,4.696948204828491,258.4615385,14,57,51,50,50,48,1,1,5,9,4,3
-74.14593471980503,4.673903411177774,223.4615385,9,47,43,43,45,47,1,1,5,9,4,3
-74.11866630994825,4.665784493785884,307.3076923,69,62,62,60,59,70,1,1,5,9,4,1
-74.12111219968472,4.670884862630434,290,66,59,58,56,56,67,1,1,5,9,4,2
-74.13904489040918,4.679120811091513,238.0769231,65,51,47,46,46,49,1,1,5,9,4,5
-74.14219309022128,4.6768117179841004,310.7692308,57,63,64,61,60,64,1,1,5,9,4,1
-74.14431368023044,4.6729353549831885,291.5384615,126,61,59,56,56,62,1,1,5,9,4,2
-74.14590073024964,4.676134386011678,329.2307692,98,66,69,64,63,70,1,1,5,9,4,1
-74.14932231974205,4.6768687958020925,279.2307692,38,58,56,55,54,57,1,1,5,9,4,2
-74.14014787964426,4.678088865616338,291.5384615,116,61,60,56,55,62,1,1,5,9,4,1
-74.13734161007031,4.671061749747371,293.8461538,37,61,59,56,58,62,1,1,5,9,4,2
-74.1335712299059,4.681751922842016,285.7692308,68,60,57,56,55,59,1,1,5,9,4,2
-74.14273001955482,4.674305963079122,306.1538462,117,63,63,59,58,67,1,1,5,9,4,1
-74.13874620956035,4.675496079750148,263.0769231,44,57,51,51,50,57,1,1,5,9,4,2
-74.14334884020796,4.688052779004704,280,43,59,57,54,54,56,1,1,5,9,4,2
-74.14651513029325,4.672595853205658,273.0769231,69,58,55,52,53,56,1,1,5,9,4,2
-74.1471970396288,4.6750758565776795,266.1538462,92,55,53,51,52,59,1,1,5,9,4,3
-74.10159638996873,4.718997303380595,269.3626374,140,58,55,51,52,54,2,1,5,10,1,2
-74.10226020992941,4.674281560031911,276.9230769,75,58,56,53,54,57,2,1,5,10,1,2
-74.12183401038854,4.7108894407552535,256.1538462,66,55,52,49,49,51,2,1,5,10,1,3
-74.10401540031528,4.685768508384934,252.1621622,74,54,51,47,50,50,2,1,5,10,1,3
-74.10131258971262,4.679006106090648,255.3944145,157,55,50,50,50,52,2,1,5,10,1,2
-74.08250627030634,4.687234159056657,259.2307692,161,54,52,50,51,53,2,1,5,10,1,2
-74.09158808960677,4.677374556224982,263.8461538,132,56,53,51,51,53,2,1,5,10,1,2
-74.09540122957873,4.668897051124495,278.4615385,262,58,57,52,55,58,2,1,5,10,1,2
-74.1049280095922,4.708298695335103,254.6153846,63,55,51,48,49,51,2,1,5,10,1,3
-74.09854762018385,4.712736372618307,266.5384615,54,57,53,51,52,54,2,1,5,10,1,2
-74.09053529014493,4.705647520908041,270.3846154,91,58,54,51,52,58,2,1,5,10,1,2
-74.10199643042601,4.699282236992287,296.270903,69,63,60,58,57,60,2,1,5,10,1,1
-74.09798595034908,4.694048941082394,263.0769231,94,56,53,51,51,51,2,1,5,10,1,2
-74.08714275037218,4.680778415154163,250.3846154,36,54,52,46,48,51,2,1,5,10,1,2
-74.11425533037495,4.698011226863633,264.8254438,130,56,52,51,52,55,2,1,5,10,1,3
-74.09911808003366,4.708844615982041,268.956044,98,58,52,53,52,54,2,1,5,10,1,2
-74.1038172903541,4.7076961125885175,268.8020177,122,57,55,52,52,55,2,1,5,10,1,2
-74.0832311200108,4.686633814291648,267.3868778,136,57,53,52,52,55,2,1,5,10,1,2
-74.12587426961714,4.710949243705651,240.3846154,76,51,48,46,47,49,2,1,5,10,1,3
-74.1446698101383,4.722050277969526,211.9230769,30,45,41,41,43,41,1,1,5,10,6,5
-74.11720435033237,4.710415506802203,261.0111023,97,55,53,49,51,55,2,1,5,10,1,3
-74.10849571994704,4.704443386151295,268.8461538,32,58,52,53,52,54,2,1,5,10,1,3
-74.09351678958978,4.683775521228173,280,64,59,57,53,54,59,2,1,5,10,1,2
-74.0829952700279,4.686106742278473,253.4615385,68,55,51,48,49,50,2,1,5,10,1,2
-74.09954128983874,4.688188034357496,268.2258065,124,57,54,52,51,54,2,1,5,10,1,2
-74.12518675030265,4.700247343406789,265,88,57,54,51,51,50,2,1,5,10,2,2
-74.1439142003219,4.721607832794293,266.1538462,141,57,55,51,50,53,2,1,5,10,2,2
-74.13457562993686,4.7081347652476655,253.0769231,125,54,51,48,49,52,2,1,5,10,1,3
-74.12030685015102,4.714019215585745,247.9565473,131,53,50,46,49,52,2,1,5,10,1,3
-74.10906540994067,4.7197318237993775,284.1752577,194,60,58,54,55,62,2,1,5,10,1,1
-74.09357476955316,4.697178130879138,268.0769231,88,56,53,52,52,58,2,1,5,10,1,2
-74.14043611039136,4.716513542027791,248.2712551,190,54,50,47,48,50,2,1,5,10,1,3
-74.13423711958497,4.705095339689455,245.0620347,62,52,50,46,49,48,2,1,5,10,1,4
-74.09983454037167,4.711483026753947,246.5278758,109,52,50,47,49,51,2,1,5,10,1,3
-74.10815899005607,4.7019877422809,268.3710407,136,58,54,51,52,53,2,1,5,10,1,2
-74.12141405967131,4.705513955663154,303.8461538,79,63,63,58,58,64,1,1,5,10,4,1
-74.10595195965871,4.676707686663101,308.8461538,56,64,61,61,60,65,1,1,1,10,4,1
-74.0858819298366,4.685599011316379,278.4615385,45,59,57,53,53,58,1,1,1,10,4,2
-74.10334812004413,4.66829824493976,306.9230769,129,63,61,60,59,69,1,1,5,10,4,1
-74.09905001019303,4.708022011363654,301.1538462,45,62,61,59,57,66,1,1,1,10,4,1
-74.1061404199171,4.665227342389265,242.3076923,2,56,49,39,47,57,1,1,1,10,4,3
-74.09588612040616,4.69932327017533,287.3076923,31,59,57,56,56,63,1,1,5,10,4,2
-74.09281915973675,4.704795655380254,282.3076923,14,58,58,55,54,59,1,1,5,10,4,2
-74.09168498997816,4.688057513403625,261.9230769,30,57,52,49,50,57,1,1,5,10,4,2
-74.10677687000769,4.66809615880561,329.2307692,14,68,67,63,63,73,1,1,5,10,4,1
-74.10766190998854,4.661441096215037,301.9230769,154,62,63,57,59,62,1,1,3,10,4,1
-74.09039155969947,4.698953917723273,304.2307692,224,63,61,60,58,65,1,1,5,10,4,1
-74.10651200983101,4.669116476069132,313.4615385,66,64,64,61,60,68,1,1,5,10,4,1
-74.09497348956967,4.707513350936004,278.3304196,44,59,55,55,52,59,1,1,5,10,4,2
-74.11255985010769,4.701277162053216,290.3846154,89,61,58,56,56,62,1,1,5,10,6,1
-74.09204558990288,4.668542446674085,321.1538462,290,65,66,62,61,73,1,1,5,10,4,1
-74.11983686956069,4.695790852371054,275,64,57,56,53,52,61,1,1,5,10,4,2
-74.10531865995979,4.68935763291307,278.0769231,14,58,55,51,57,60,1,1,5,10,4,2
-74.11810039018387,4.704984100140617,296.9230769,19,61,61,56,57,67,1,1,5,10,4,2
-74.11049753021777,4.704279344139883,239.6153846,13,51,47,47,46,50,1,1,5,10,4,3
-74.1439142003219,4.721607832794293,295.3846154,37,61,60,57,58,60,1,1,5,10,4,1
-74.09756596010598,4.7022490215758905,265,20,57,54,49,50,59,1,1,5,10,4,2
-74.102433629695,4.696287019398166,281.1538462,69,59,56,54,55,59,1,1,5,10,4,2
-74.09284127985232,4.676060222641825,260.7692308,26,55,52,49,51,57,1,1,5,10,4,2
-74.09291680031994,4.678700869434419,268.4615385,14,57,56,50,51,56,1,1,5,10,4,2
-74.09039155969947,4.698953917723273,271.9230769,42,58,54,51,52,62,1,1,5,10,4,2
-74.09911368008541,4.716364495114668,280,24,59,59,52,53,59,1,1,5,10,4,2
-74.11424657988576,4.716939640978936,292.3076923,6,62,58,56,56,64,1,1,5,10,4,2
-74.1063261699583,4.680749220583743,290,43,59,60,55,56,64,1,1,5,10,4,1
-74.11089315006552,4.6834340469541775,272.6923077,15,59,55,50,52,61,1,1,5,10,4,2
-74.11497784984954,4.70727531164085,300,30,62,60,58,59,63,1,1,5,10,4,2
-74.11595626970417,4.706870828812478,320.3846154,28,64,65,63,62,71,1,1,5,10,4,1
-74.10620408980948,4.690014708284623,317.6923077,36,66,65,62,60,67,1,1,5,10,4,1
-74.107752750325,4.704136404058538,307.3076923,16,62,63,59,60,67,1,1,5,10,4,2
-74.10091765977099,4.696223112031211,291.202946,47,60,58,56,56,65,1,1,5,10,4,2
-74.09814383015858,4.670932588294984,248.0769231,10,52,50,48,47,54,1,1,5,10,4,2
-74.14271341958668,4.711917468316649,304.6153846,24,63,63,58,60,60,1,1,5,10,4,1
-74.11077112022238,4.681484167200619,281.1538462,42,58,57,55,54,59,1,1,5,10,4,2
-74.1148589299739,4.716274828092447,276.5384615,51,58,56,52,54,59,1,1,5,10,4,2
-74.09865311024598,4.679767648244316,294.6153846,13,63,57,58,56,64,1,1,5,10,4,2
-74.11512465971978,4.718116405345822,285.3846154,24,60,61,52,53,64,1,1,5,10,4,2
-74.09556840964635,4.691457353229653,313.0769231,123,65,64,61,60,64,1,1,5,10,4,1
-74.10817360025584,4.683512220557239,321.1538462,66,67,64,62,62,70,1,1,5,10,4,1
-74.11320703955751,4.719172504144285,281.9230769,43,59,57,54,54,61,1,1,5,10,5,2
-74.13037080024654,4.700512286897293,269.2307692,24,57,54,52,52,55,1,1,5,10,4,2
-74.09039155969947,4.698953917723273,326.1538462,39,65,65,64,64,74,1,1,5,10,4,1
-74.1016019002347,4.683424126854582,275,10,58,55,54,53,55,1,1,5,10,4,3
-74.12563065998681,4.706836930606759,257.3076923,76,55,51,49,49,57,1,1,5,10,4,2
-74.14260895001071,4.715092383665089,262.6923077,52,55,54,48,52,56,1,1,5,10,4,2
-74.11384749972753,4.720680174647658,310,230,64,62,61,59,68,1,1,5,10,4,1
-74.1243633302587,4.7059661535985935,284.6153846,35,59,58,55,55,59,1,1,5,10,4,2
-74.10567477010473,4.700956947024407,284.2307692,9,63,56,56,53,55,1,1,5,10,4,2
-74.0929124902032,4.6795309997668575,238.8461538,8,49,51,41,48,54,1,1,5,10,4,3
-74.12246928997432,4.7150412339064856,316.5384615,25,64,64,61,63,67,1,1,5,10,4,1
-74.13043031004084,4.705078256698029,291.1538462,75,60,61,55,56,61,1,1,5,10,4,1
-74.13988065959332,4.711483235354124,256.9230769,20,54,51,50,50,53,1,1,5,10,4,3
-74.11407223036383,4.7106651496535665,264.6153846,33,56,53,49,52,58,1,1,5,10,4,2
-74.11325723022905,4.694242602987246,290.7692308,20,59,58,58,56,63,1,1,5,10,4,2
-74.1308231199584,4.710124760589952,250.7692308,27,53,48,48,50,55,1,1,5,10,4,2
-74.13598020966396,4.704764117053886,284.2307692,20,58,59,54,56,58,1,1,5,10,4,2
-74.12553796013769,4.718001696913163,295.7692308,20,62,61,57,56,61,1,1,5,10,4,1
-74.12300975956838,4.710726813016767,271.1538462,45,57,55,50,53,60,1,1,5,10,4,2
-74.11042699001007,4.674834763902984,275.7692308,35,59,52,54,53,63,1,1,5,10,4,2
-74.12432442961365,4.703714290254511,250.7692308,30,55,50,47,48,52,1,1,5,10,4,4
-74.09957151994469,4.701470041255164,223.4615385,28,48,44,42,45,44,1,1,5,10,4,5
-74.13243018983201,4.708239839367269,252.6923077,17,53,51,48,50,51,1,1,5,10,4,2
-74.09487735995279,4.685063406182935,244.2307692,15,53,48,43,49,56,1,1,5,10,4,3
-74.08875606982521,4.680679314051063,217.3076923,27,47,43,41,42,46,1,1,5,10,4,5
-74.13622666964868,4.711115226902699,255,22,55,49,49,50,54,1,1,5,10,4,4
-74.13998951025293,4.711807001589585,236.1538462,9,50,48,46,45,47,1,1,5,10,4,4
-74.11062185974804,4.692972968709564,291.1538462,39,61,58,56,57,61,1,1,5,10,4,2
-74.12283266030337,4.712638045100492,251.9230769,10,55,50,48,47,55,1,1,5,10,4,3
-74.09653403030482,4.691070189871031,253.4615385,44,54,51,46,50,56,1,1,5,10,4,2
-74.0899200196338,4.683573375096294,250.3846154,44,54,50,48,48,51,1,1,5,10,4,4
-74.10394991043611,4.692924076177285,276.5384615,36,58,56,52,55,56,1,1,5,10,4,2
-74.09439450021623,4.683762439774689,301.9230769,35,64,60,58,59,62,1,1,5,10,4,2
-74.09988241967801,4.697985978588214,294.6153846,58,61,58,57,57,67,1,1,5,10,4,2
-74.09350682008674,4.686032511921864,230.3846154,17,48,47,42,47,47,1,1,5,10,4,4
-74.12602542014685,4.716247806047229,312.6923077,48,64,63,61,59,72,1,1,5,10,4,1
-74.11572262957687,4.7177352972105195,272.6923077,36,56,54,53,54,58,1,1,5,10,4,2
-74.10861038989306,4.7422177848929445,245.0760018,167,52,48,47,48,50,2,1,5,11,1,3
-74.07411343996422,4.695955490859671,268.0769231,115,57,54,52,51,55,2,1,5,11,1,2
-74.10247985969448,4.743485025660257,249.2682927,246,53,51,47,49,51,2,1,5,11,1,3
-74.11046950008594,4.746212972152129,245.1270125,215,52,49,48,48,49,2,1,5,11,1,3
-74.09936225021274,4.728515046553987,247.3076923,132,53,51,47,47,49,2,1,5,11,1,3
-74.06438997022603,4.716688558096797,257.3076923,133,55,51,49,50,54,2,1,5,11,1,3
-74.09229890043996,4.725741795378296,231.5384615,176,49,46,44,46,47,2,1,5,11,1,4
-74.09698827959791,4.730327962821349,239.4117647,204,51,48,45,47,48,2,1,5,11,1,3
-74.11342899978948,4.743562069879164,251.7508611,67,53,50,49,50,52,2,1,5,11,1,3
-74.10737088997247,4.749805305156209,272.6923077,78,57,57,52,53,52,2,1,5,11,2,2
-74.11258385039714,4.744633801877843,261.5384615,110,55,55,50,50,50,2,1,5,11,2,2
-74.11332692961363,4.753213658615477,256.9230769,208,55,52,49,50,50,2,1,5,11,1,3
-74.11582149007221,4.749063949347833,263.1334203,177,56,55,50,51,52,2,1,5,11,1,3
-74.09466595043382,4.730179795332792,262.3076923,134,55,53,51,51,52,2,1,5,11,1,3
-74.09127642989874,4.731299792434329,244.7169811,159,52,50,46,48,49,2,1,5,11,1,3
-74.08034555973998,4.74945274995522,261.7585151,201,56,52,51,51,53,2,1,5,11,1,2
-74.10310021017855,4.748629651947372,269.6153846,36,57,54,52,52,56,2,1,5,11,1,3
-74.10429047972664,4.753361164067569,272.3076923,97,57,55,52,53,57,2,1,5,11,1,2
-74.08417483974263,4.74136687117,254.2307692,70,54,50,49,50,52,2,1,5,11,1,3
-74.0794013198836,4.756540182716002,248.0972633,208,53,50,48,48,51,2,1,5,11,1,3
-74.05452776018377,4.716941385865635,267.1750663,116,56,54,51,52,55,2,1,5,11,1,2
-74.05734167981068,4.723071861005647,276.2240803,115,58,55,54,53,59,2,1,5,11,1,2
-74.04964932967596,4.759182911871929,274.2307692,63,58,53,55,53,56,2,1,5,11,1,2
-74.05501293038726,4.748763598306944,262.2365869,119,55,52,52,51,55,2,1,5,11,1,2
-74.08788526005678,4.732397800314639,249.1436865,106,53,50,47,49,49,2,1,5,11,1,3
-74.1089688096066,4.739256368997008,251.8006431,311,54,50,48,49,51,2,1,5,11,1,3
-74.0930360103514,4.740899288312578,254.1908092,231,54,50,49,50,51,2,1,5,11,1,3
-74.09364513997926,4.725875195586427,245.7692308,173,52,50,47,48,48,2,1,5,11,1,3
-74.08314633970923,4.7233268619417,250.9615385,48,54,51,48,48,52,2,1,5,11,1,3
-74.0588873597161,4.726263316303331,332.6923077,29,66,70,64,65,70,2,1,5,11,3,1
-74.05693421028602,4.75236918170738,291.1538462,19,59,57,56,56,73,1,1,5,11,4,1
-74.11193211008211,4.74854833714281,290.7692308,26,62,59,54,56,63,1,1,5,11,4,1
-74.06007556044408,4.75722241100773,295.7692308,19,59,59,58,57,70,1,1,5,11,4,1
-74.09158161005864,4.763607896198375,308.0769231,19,64,60,59,58,78,1,1,5,11,4,1
-74.0467558202132,4.772775085924849,326.1538462,58,65,67,62,63,77,1,1,5,11,4,1
-74.0596502997852,4.757799204109102,318.4615385,46,64,66,61,61,72,1,1,5,11,4,1
-74.05715045992773,4.766358045639659,283.8461538,14,62,53,56,53,66,1,1,5,11,4,2
-74.05786139023684,4.765630689042039,308.8461538,64,63,62,59,59,74,1,1,5,11,4,1
-74.07288016986011,4.748754748047041,333.8461538,41,67,67,66,64,76,1,1,1,11,4,1
-74.08790368001169,4.723107900787913,309.6153846,71,63,64,59,61,64,1,1,5,11,4,1
-74.09049399009974,4.736404933231678,297.6923077,49,61,60,59,57,63,1,1,5,11,4,1
-74.11885173030772,4.74526075843509,281.9230769,54,59,59,52,56,55,1,1,5,11,5,2
-74.09596265956331,4.736012109195177,247.6923077,24,53,48,47,48,56,1,1,5,11,4,4
-74.06095707992733,4.761208041709974,268.8461538,18,56,56,50,53,54,1,1,5,11,4,1
-74.05339483010026,4.780104840067821,323.8461538,47,65,66,63,62,74,1,1,5,11,4,1
-74.087160890052715,4.7573983352689995,280.034965,11,55,60,53,55,59,1,1,5,11,4,3
-74.06326700964554,4.764671977873183,293.0769231,23,61,60,56,55,66,1,1,5,11,4,2
-74.05592055042109,4.767111736689894,309.2307692,28,63,62,61,59,69,1,1,5,11,4,1
-74.10580515966991,4.7823561642779,320.3846154,1,62,68,57,63,83,1,1,5,11,4,1
-74.08153864011659,4.754644013182917,305,32,62,61,60,60,64,1,1,5,11,4,1
-74.11350855009948,4.743613304369449,245,15,55,46,49,46,49,1,1,5,11,4,3
-74.11439834037155,4.745674281327825,291.9230769,374,60,59,59,56,57,1,1,5,11,5,2
-74.10172523982152,4.732138734686979,273.8461538,96,58,55,52,53,58,1,1,5,11,4,2
-74.08748541992382,4.731349872955471,291.1538462,23,62,60,54,56,61,1,1,5,11,4,2
-74.05713713970869,4.751548782712814,293.8461538,13,61,60,57,55,65,1,1,5,11,4,2
-74.05442918984427,4.715531200864101,232.6923077,19,48,47,45,47,44,1,1,5,11,4,4
-74.10497519000924,4.774837551995278,261.9230769,14,55,52,49,51,60,1,3,5,11,4,3
-74.09505146962452,4.727273857267782,287.3076923,50,60,59,55,55,60,1,1,5,11,4,2
-74.10262437975908,4.741607049128708,290,52,61,59,55,56,61,1,1,5,11,4,2
-74.10853855970463,4.7468947487246504,286.1538462,149,60,58,55,56,57,1,1,5,11,5,1
-74.08404631957157,4.750432823693971,340.3846154,27,68,70,66,66,75,1,1,5,11,4,1
-74.06397450030543,4.698780532899212,289.6153846,10,58,55,56,56,77,1,3,5,11,4,1
-74.1040544698436,4.742480799227624,269.6153846,31,57,55,51,52,56,1,1,5,11,4,2
-74.102452020005515,4.742301370772004,232.6923077,10,52,47,43,43,50,1,1,5,11,4,3
-74.10253529023908,4.747051772759668,273.0769231,12,57,56,50,53,62,1,1,5,11,4,2
-74.0580731698617,4.762381495392431,321.9230769,15,66,63,64,62,72,1,1,5,11,4,1
-74.1005582195713,4.735441767845439,271.1538462,13,58,55,50,52,60,1,1,5,11,4,2
-74.05939791990276,4.768567631231944,370.7692308,42,73,75,74,72,82,1,1,5,11,4,1
-74.06498876024496,4.694449215377898,308.4615385,7,65,58,61,61,67,1,1,5,11,4,2
-74.09756546962585,4.744808476020199,280.7692308,21,60,57,53,53,61,1,1,5,11,4,2
-74.09846843997977,4.743028281105818,289.2307692,19,60,57,58,56,59,1,1,5,11,4,2
-74.09818178038608,4.7575807471459655,284.2307692,48,60,56,56,54,61,1,1,5,11,4,2
-74.0932877003277,4.73051723682019,225,6,48,48,42,42,45,1,1,5,11,4,5
-74.09913869008123,4.747478861839838,284.2307692,42,59,56,55,56,61,1,1,5,11,5,2
-74.04731958042763,4.779785497679352,351.9230769,158,69,74,67,69,78,1,1,5,11,4,1
-74.1053805601711,4.746230433709355,296.9230769,57,62,59,59,56,64,1,1,5,11,4,2
-74.11855837018034,4.746462237742127,256.5384615,23,56,51,47,51,52,1,1,5,11,4,3
-74.05868799031688,4.748232733804628,245.7692308,8,55,49,44,47,54,1,1,5,11,4,3
-74.05972788008977,4.768959449300919,317.3076923,15,64,64,63,61,69,1,1,5,11,4,1
-74.09543128990308,4.756708658910381,279.6153846,99,59,56,54,54,58,1,1,5,11,4,2
-74.11462517037067,4.741832304238213,288.4615385,38,61,58,57,55,57,1,1,5,11,4,2
-74.09121286960081,4.751677038437168,300.3846154,78,63,59,57,58,70,1,1,5,11,4,2
-74.08581751973243,4.754863377044073,281.9230769,21,58,55,56,56,58,1,1,5,11,4,2
-74.05984026023013,4.757542062890772,319.2307692,15,66,64,62,60,74,1,1,5,11,4,1
-74.0990866902027,4.734560614978518,290.3846154,17,61,59,57,54,62,1,1,5,11,4,1
-74.08819952038756,4.753557709042089,362.6923077,23,71,75,69,72,82,1,1,5,11,4,1
-74.05763260999522,4.752663169697572,281.5384615,25,58,57,53,55,63,1,1,5,11,4,1
-74.10035400016787,4.738323090867323,281.1538462,40,59,57,53,54,62,1,1,5,11,4,2
-74.11185474986478,4.7503707923466365,283.8461538,17,60,59,54,54,57,1,1,5,11,4,2
-74.11355286039917,4.7488642688865825,270.7692308,57,57,53,53,53,56,1,1,5,11,5,3
-74.11357284971086,4.7419739071179094,259.2307692,12,58,50,48,50,56,1,1,5,11,4,2
-74.0740200403275,4.70031143125428,264.6153846,5,54,53,50,52,61,1,1,5,11,4,1
-74.07577250971637,4.7515550618420574,321.9230769,7,64,66,61,62,78,1,3,5,11,4,1
-74.06834904960071,4.73731520880277,253.0769231,18,55,49,47,48,61,1,1,5,11,4,2
-74.10045054031482,4.7353957932321515,247.6923077,6,57,49,47,44,53,1,1,5,11,4,3
-74.09569873992272,4.756643587060999,290,46,60,58,55,56,67,1,1,5,11,4,2
-74.09124633004852,4.754049558235414,271.1538462,6,59,53,52,51,60,1,1,5,11,4,2
-74.07746207996736,4.7154392113916535,362.3076923,49,71,77,69,68,87,1,3,5,11,4,1
-74.0874321695904,4.739638091066485,234.6153846,164,51,46,44,46,49,1,1,5,11,4,5
-74.0521907902772,4.727875810665253,209.2307692,5,45,41,40,42,40,1,1,5,11,4,5
-74.07535157983548,4.7534308099344935,353.4615385,7,72,71,68,69,79,1,3,5,11,4,1
-74.09491151030664,4.740510450658611,244.2307692,33,51,50,47,47,50,1,1,5,11,4,5
-74.09109680007958,4.728417614739656,261.9230769,44,56,53,50,51,51,1,1,5,11,4,2
-74.05947134999073,4.758041839093604,299.6153846,11,63,62,54,57,71,1,3,5,11,4,1
-74.07523197005372,4.733376932274444,313.0769231,66,64,64,59,59,76,1,1,5,11,4,1
-74.09351764029434,4.740082058270488,215,8,47,44,41,40,43,1,1,5,11,4,5
-74.10586392026927,4.740101338221015,237.6923077,19,53,47,42,46,54,1,1,5,11,4,5
-74.08115942979413,4.7532398368092474,283.4615385,56,58,57,54,56,62,1,1,5,11,4,2
-74.1245594297903,4.743915636127788,211.1538462,56,46,43,38,42,42,1,1,5,11,4,5
-74.0899636301459,4.738890736049776,225.7692308,16,50,45,40,45,47,1,1,5,11,4,5
-74.10070981027549,4.733792721891964,227.3076923,49,50,46,42,44,45,1,1,5,11,4,5
-74.1070064497499,4.740497854598902,250,19,54,50,48,48,50,1,1,5,11,4,4
-74.0844239299945,4.734621437368011,281.1538462,17,57,59,54,53,62,1,1,5,11,4,2
-74.1062581099991,4.74239087686237,245,4,51,49,49,44,58,1,5,5,11,4,4
-74.06865559969143,4.7212895752309025,245,8,52,47,46,49,55,1,1,5,11,4,3
-74.06479271012073,4.70009713718347,311.5384615,11,65,63,60,58,72,1,1,5,11,4,1
-74.07340889038858,4.739657928766053,345.7692308,9,69,74,67,66,71,1,1,5,11,4,1
-74.0902403696439,4.733957665607587,263.8461538,18,55,52,52,52,53,1,1,5,11,4,3
-74.06979768989586,4.747598977071006,302.6923077,71,63,60,59,57,70,1,1,5,11,4,1
-74.08097947029327,4.753259468215862,366.9230769,81,71,77,70,71,87,1,3,5,11,4,1
-74.06223181985821,4.769943618567174,309.2307692,31,63,63,59,60,69,1,1,5,11,4,1
-74.06745478032863,4.761421951618988,353.4615385,45,69,72,70,67,85,1,3,1,11,4,1
-74.06553224009353,4.6998862747115,333.8461538,55,68,67,65,65,73,1,1,3,11,4,1
-74.08028572026396,4.731102232173741,353.4615385,15,69,73,69,67,85,1,1,1,11,4,1
-74.06738826996332,4.729401030760285,332.6923077,42,67,67,64,64,79,1,1,5,11,4,1
-74.08343298043829,4.741067660003421,302.6923077,78,62,60,59,59,67,1,1,5,11,4,2
-74.08175004963556,4.701649875097135,310.7692308,71,65,58,62,60,73,1,1,5,11,4,1
-74.05560031988692,4.7657223200147545,312.3076923,14,64,61,63,59,71,1,1,5,11,4,1
-74.07227431998136,4.700567212282996,332.3076923,187,66,69,64,64,75,1,1,5,11,4,1
-74.08914233012604,4.719456135443907,280.3846154,41,59,58,54,52,60,1,1,5,11,4,2
-74.07115878038344,4.720628119289491,273.8461538,22,58,57,50,53,58,1,1,5,11,4,2
-74.05946663024221,4.7604820466598765,333.8461538,47,68,66,64,65,79,1,1,5,11,4,1
-74.06643849019656,4.755702295143375,350,66,69,72,68,66,85,1,3,1,11,4,1
-74.07644962025168,4.715101357008107,355.7692308,39,69,74,70,67,85,1,3,5,11,4,1
-74.0598320702897,4.767993548896386,323.4615385,23,66,63,63,63,76,1,1,5,11,4,1
-74.0530334100137,4.738447835212479,334.6153846,11,64,69,65,65,81,1,3,5,11,4,1
-74.08641497036326,4.733704578155786,273.0769231,54,57,55,52,53,59,1,1,5,11,4,2
-74.07486413958928,4.731942693910895,286.9230769,88,60,56,56,55,65,1,1,5,11,6,1
-74.06102519019218,4.756645372132417,358.8461538,91,70,74,70,69,84,1,3,5,11,4,1
-74.05961929982305,4.754311123166504,354.6153846,17,67,74,70,68,85,1,3,3,11,4,1
-74.07830239013528,4.763901392393341,295,15,59,58,59,56,71,1,1,5,11,4,2
-74.05083756004835,4.748336049872836,302.6923077,92,62,61,59,58,67,1,1,5,11,4,1
-74.09928269002128,4.733489585350927,289.6153846,50,60,59,55,57,60,1,1,5,11,4,2
-74.0904544202098,4.7251265302636805,251.9230769,38,53,50,47,50,55,1,1,5,11,4,3
-74.0840928298454,4.741853255554079,285,42,61,58,53,55,60,1,1,5,11,4,2
-74.08535712955604,4.781377296230407,341.1538462,35,69,69,69,64,74,1,1,5,11,4,1
-74.08379619985038,4.771549740813628,351.5384615,38,69,72,68,68,83,1,3,5,11,4,1
-74.08841158028679,4.725824692106115,273.0769231,56,57,57,51,53,56,1,1,5,11,4,2
-74.0622819296814,4.76207311382031,258.4615385,24,55,51,49,50,57,1,1,5,11,4,2
-74.06400734989876,4.748962010254492,279.2307692,73,58,56,54,54,60,1,1,5,11,4,2
-74.07581952035183,4.75545722969944,298.4615385,8,62,60,59,55,68,1,1,5,11,4,2
-74.04979988013106,4.779938600428044,366.9230769,65,71,77,70,71,87,1,3,5,11,4,1
-74.09341715025509,4.740468986613575,281.9230769,37,58,58,53,56,58,1,1,5,11,4,2
-74.09136032985133,4.722653874238664,254.2307692,12,53,52,50,48,52,1,1,5,11,4,3
-74.09441437005198,4.737349955107873,302.6923077,40,62,64,56,58,67,1,1,5,11,4,2
-74.08551483958396,4.73506290915241,303.0769231,52,64,61,58,57,68,1,1,1,11,4,1
-74.10023298991258,4.742931391165247,281.1538462,202,58,57,55,54,59,1,1,5,11,4,2
-74.0843655898067,4.750610000324218,295.7692308,45,63,57,57,58,64,1,1,5,11,4,1
-74.10395638998428,4.736788663124565,278.0769231,23,59,57,52,54,57,1,1,5,11,4,2
-74.05136965015744,4.774234201018633,353.7755102,98,69,73,68,68,83,1,3,5,11,4,1
-74.05359672017217,4.73337264043841,297.3076923,57,61,60,56,58,68,1,1,5,11,4,1
-74.04537759975149,4.772390733323337,301.1538462,77,62,61,58,58,66,1,1,5,11,4,1
-74.05339483010026,4.780104840067821,332.3076923,49,67,67,64,63,81,1,3,5,11,4,1
-74.08964342027298,4.76074684266745,306.5384615,32,63,60,61,59,68,1,1,5,11,4,1
-74.10641446985913,4.774489799831106,323.4615385,19,66,65,60,62,82,1,1,5,11,4,1
-74.08049065023478,4.754182049697115,275,43,57,56,53,54,55,1,1,5,11,4,2
-74.0837773702637,4.7480275134035415,303.8461538,68,63,62,57,59,67,1,1,5,11,4,1
-74.07598050024737,4.749944160729298,311.5384615,77,64,63,60,58,75,1,3,5,11,4,1
-74.0900357998975,4.762114634754821,302.6923077,43,63,60,59,57,70,1,1,5,11,4,1
-74.08495149978108,4.772974100578655,339.6153846,53,68,69,66,66,76,1,1,5,11,4,1
-74.07194494010602,4.6726240023708705,285.3846154,36,61,56,55,56,58,2,1,1,12,1,1
-74.06655258971237,4.684798940297969,255.7692308,111,54,51,50,49,52,2,1,5,12,1,2
-74.06574323998073,4.653115336829053,255.7692308,107,54,52,48,50,53,2,1,5,12,1,2
-74.08108370001905,4.665073544602471,266.9230769,114,56,55,50,52,55,2,1,5,12,1,2
-74.07690919026619,4.673377314439161,256.5384615,26,53,52,50,50,52,2,1,5,12,1,3
-74.07572041012484,4.652140997030414,229.6153846,48,51,45,43,44,48,2,1,5,12,1,3
-74.07350123989472,4.671847538928658,267.6923077,88,56,55,51,52,54,2,1,5,12,1,2
-74.06687335025256,4.671038948335669,269.6153846,47,57,55,52,52,53,2,1,5,12,1,3
-74.080548470298055,4.675958348943461,255.7692308,131,54,52,48,51,50,2,1,5,12,1,3
-74.06716278025058,4.65772227625797,251.9230769,5,50,57,46,47,55,1,1,5,12,4,2
-74.07752176044158,4.67256723130519,300.3846154,47,62,61,58,58,64,1,1,5,12,4,1
-74.07047733996848,4.663773231388773,303.0769231,56,63,61,59,58,65,1,1,5,12,4,1
-74.0801127200116,4.662542399723299,317.6923077,131,64,65,62,61,70,1,1,5,12,4,1
-74.07268477999762,4.659317536865747,277.3076923,67,57,56,53,55,58,1,1,1,12,4,2
-74.0640336902995,4.6665216335563136,293.8461538,21,61,59,56,57,65,1,1,5,12,4,2
-74.07229743004036,4.664296001977496,291.5384615,18,59,59,57,57,62,1,1,5,12,4,2
-74.06581270041345,4.656565509898914,286.5384615,31,60,59,54,56,58,1,1,5,12,4,1
-74.06241521002515,4.667075544597334,292.6923077,25,59,59,57,58,62,1,1,5,12,4,1
-74.07843941016556,4.670970691825713,276.1538462,22,59,53,54,54,58,1,1,5,12,4,3
-74.06744949014993,4.652662227302686,294.2307692,3,56,62,59,59,57,1,1,5,12,4,2
-74.06160657984405,4.679144235383858,250.3846154,18,53,50,48,48,54,1,1,5,12,4,2
-74.07525220011392,4.668048715874139,332.6923077,11,69,65,64,65,76,1,1,5,12,4,1
-74.08820963002778,4.671679724397727,317.6923077,26,65,65,63,61,64,2,1,5,12,3,1
-74.06067756014353,4.668955659713354,341.1538462,27,70,69,66,65,77,1,1,5,12,4,1
-74.06210599014143,4.680197657134649,276.1538462,16,57,55,54,52,64,1,1,5,12,4,2
-74.06344287013377,4.654541978964485,230.3846154,9,49,46,45,44,47,1,1,5,12,4,4
-74.06300975011447,4.657000235385191,275.3846154,17,59,54,53,54,56,1,1,5,12,4,2
-74.0629938696969,4.658591276962617,251.9230769,29,53,49,50,49,52,1,2,5,12,4,3
-74.07975935960975,4.634761835132772,322.3076923,45,66,65,63,62,70,1,1,5,13,6,1
-74.06642274991616,4.644453508356124,262.3076923,91,55,53,51,51,52,2,1,5,13,1,2
-74.08217260007723,4.646788347407929,308.8461538,31,63,62,60,60,68,1,1,5,13,4,1
-74.07423054973455,4.6381080591901265,269.6153846,111,57,53,53,52,56,2,1,5,13,1,2
-74.07396914986833,4.618487743212912,302.3076923,18,62,63,57,59,63,1,1,5,13,4,1
-74.07894939992204,4.6297037963573455,303.4615385,27,61,61,60,57,72,1,1,5,13,4,2
-74.09055230962632,4.647644695825469,311.9230769,60,63,62,62,60,70,1,1,1,13,4,1
-74.07281308008145,4.6174311320112755,317.3076923,26,64,66,62,60,69,1,1,5,13,4,1
-74.06712992975895,4.642612938837226,265.3846154,23,57,52,50,51,60,1,1,5,13,4,2
-74.07652059973553,4.633865253349381,292.3076923,43,61,58,56,56,67,1,1,5,13,4,1
-74.07387875958781,4.634317910248276,316.9230769,186,64,64,62,61,71,1,1,5,13,4,1
-74.07776402978551,4.6260628431129796,250,8,52,51,47,48,56,1,1,5,13,4,2
-74.07671206036697,4.624955838108083,301.9230769,25,61,62,57,59,68,1,1,1,13,4,1
-74.07058272043614,4.62677576835868,275,5,62,54,58,50,43,1,1,5,13,4,2
-74.07251159020073,4.622245392659693,298.4615385,8,62,60,60,55,65,1,1,5,13,4,2
-74.07527268978723,4.6507353443739055,305.3846154,83,64,61,59,58,68,1,1,5,13,4,1
-74.08859915031476,4.626459731266985,325.7692308,12,64,65,66,63,73,1,1,5,13,4,1
-74.06715948972169,4.647983989396422,337.3076923,62,67,69,66,66,73,1,1,5,13,4,1
-74.07099185004746,4.629785892341988,311.1538462,129,64,61,61,60,71,1,1,5,13,4,1
-74.06712992975895,4.642612938837226,193.4615385,4,45,38,35,36,41,1,1,5,13,4,5
-74.0813302902595,4.651277328268409,347.3076923,6,68,72,69,66,78,1,1,5,13,4,1
-74.09713438968056,4.636823016954951,290.3846154,73,59,60,55,56,65,1,1,5,13,4,1
-74.06850633023392,4.63425919222644,334.6153846,53,68,70,64,63,75,1,1,5,13,4,1
-74.0727481498527,4.624838844619298,257.3076923,24,55,49,51,49,57,1,1,5,13,4,3
-74.0838261002746,4.62665286829537,293.3213515,107,62,57,57,56,66,1,2,5,13,4,1
-74.06698786029845,4.648931999726858,205,15,44,40,38,41,44,1,1,5,13,4,5
-74.07081716006404,4.623093012981761,240,18,52,45,48,46,51,1,1,5,13,4,4
-74.06760180040466,4.633953320132535,253.8461538,14,56,50,50,46,54,1,1,5,13,4,5
-74.09567917012426,4.633853721763615,295,25,61,57,58,56,71,1,1,5,13,4,2
-74.07312841030573,4.64063382208031,270.3846154,56,58,54,51,50,64,1,1,5,13,4,2
-74.06630477955979,4.641318772032704,280.7692308,69,58,56,54,54,64,1,5,5,13,4,3
-74.09220396019253,4.594404627835201,254.6153846,67,53,52,49,50,50,2,1,5,14,1,3
-74.07947254011594,4.615146326961553,238.4615385,31,50,46,49,47,44,2,1,5,14,1,4
-74.08808564006068,4.6089657028578,262.1087533,58,55,53,51,51,53,2,1,5,14,1,2
-74.08191863017672,4.6057397073063315,336.9230769,157,67,71,65,66,69,2,1,5,14,3,1
-74.08590919011223,4.605495312836233,216.1538462,19,45,45,40,43,43,2,1,5,14,1,3
-74.0926756700398,4.594121178918075,269.2307692,122,58,54,52,51,55,2,1,1,14,1,2
-74.07881487990319,4.623039538343407,256.1538462,12,56,52,48,48,54,2,1,5,14,1,3
-74.09398996009769,4.606157976776803,261.5384615,93,55,54,49,51,53,2,1,5,14,1,3
-74.09224278987068,4.5941902093340685,258.4615385,54,55,52,49,50,54,2,1,5,14,1,2
-74.09695362978077,4.595505612128644,293.8461538,46,62,59,57,56,62,1,1,5,14,4,1
-74.0945211698578,4.609448747065017,303.8461538,58,62,63,59,59,61,1,1,5,14,4,2
-74.09558492966443,4.601728779960867,270.7692308,34,56,55,52,53,56,1,1,5,14,4,2
-74.09219755969612,4.612359593031858,317.6923077,110,65,66,61,61,67,1,1,1,14,4,1
-74.09147821037618,4.594422389559349,298.4615385,21,62,61,58,58,59,1,1,1,14,4,2
-74.08108066012014,4.61205304440597,303.0769231,102,63,62,58,58,65,1,1,5,14,4,1
-74.10423613973678,4.597441415978922,323.0769231,22,66,64,62,62,78,1,1,5,14,4,1
-74.09895784034993,4.6010884033849875,282.3076923,13,58,59,51,54,68,1,1,5,14,4,1
-74.09079618964954,4.613709461274601,230.7692308,21,52,45,43,44,48,1,1,5,14,4,4
-74.10109240994153,4.587141696776874,254.159919,114,54,51,49,49,51,2,1,5,15,1,3
-74.09697575977779,4.585203880685257,285,162,60,58,55,55,57,2,1,5,15,1,2
-74.10458882999542,4.5943499448958285,262.0853713,173,56,53,50,51,52,2,1,5,15,1,2
-74.09756528008131,4.590505188011792,252.9869067,94,54,51,48,49,50,2,1,5,15,1,2
-74.0884037101466,4.586091145936249,250.7692308,67,52,51,48,50,49,2,1,5,15,1,3
-74.10048479038167,4.589696465927306,273.8461538,53,58,54,53,53,58,1,1,5,15,4,2
-74.09881069989964,4.582122990888937,246.5384615,26,53,52,44,48,50,1,1,5,15,4,3
-74.09754929006925,4.588831557918466,284.2307692,34,60,57,54,55,61,1,1,5,15,4,1
-74.11364384985599,4.588850226857695,287.3076923,98,61,58,56,54,60,1,1,1,15,4,2
-74.0966238600366,4.582242264037963,280.3846154,38,60,55,54,55,57,1,1,5,15,4,2
-74.09887619966027,4.591873563297705,291.1538462,50,62,62,54,54,61,1,1,5,15,4,1
-74.11281473988304,4.590304696812599,265,39,55,55,50,51,56,1,1,3,15,4,2
-74.10774097969986,4.595809318635321,265.3846154,22,55,55,50,52,54,1,1,5,15,4,2
-74.09751023042239,4.583959964415653,276.9230769,30,60,56,53,52,57,1,1,5,15,4,2
-74.11721371976077,4.594117284696959,311.9230769,42,63,65,60,61,64,1,1,5,15,4,1
-74.12236835976057,4.592911879418042,261.1538462,57,56,52,49,51,55,1,1,5,15,4,2
-74.09195902015728,4.589003039212343,251.3395225,29,54,50,48,49,50,1,1,5,15,4,3
-74.09984206016891,4.585373528988996,220.3846154,9,47,45,38,45,48,1,1,5,15,4,4
-74.10176803017177,4.584290748611989,245.3846154,10,51,49,49,47,50,1,1,5,15,4,5
-74.09307971967817,4.588343127111333,295.3846154,102,62,59,57,57,63,1,1,5,15,4,1
-74.10321334041218,4.582295590411733,232.3076923,31,50,48,43,45,46,1,1,5,15,4,5
-74.12045374985281,4.606271066654674,266.1538462,86,58,53,52,50,53,2,1,5,16,1,3
-74.10134719012241,4.6223687277535985,277.9320215,215,59,55,54,54,56,2,1,5,16,1,2
-74.11238911001658,4.6299076072682475,264.2307692,106,56,53,51,51,54,2,1,5,16,1,3
-74.13031228039566,4.599354954366661,263.0769231,149,56,53,50,51,54,2,1,5,16,1,2
-74.11493912976584,4.610131529846024,252.7818757,73,54,51,49,48,50,2,1,5,16,1,3
-74.09303401968472,4.621806078367757,256.5384615,34,55,52,48,50,52,2,1,5,16,1,3
-74.12388841971409,4.60339644315148,261.6510837,181,56,52,51,51,53,2,1,5,16,1,2
-74.1088053296996,4.632058943070021,253.4615385,10,54,48,47,53,53,2,1,5,16,1,3
-74.11818809001011,4.633477687563736,261.1538462,30,55,52,51,51,52,2,1,5,16,1,2
-74.11277851981077,4.597869626849826,273.8461538,45,59,55,53,52,55,2,1,5,16,1,3
-74.12583390022658,4.609542055924203,264.2307692,52,56,53,52,50,54,2,1,5,16,1,2
-74.11328279987531,4.622990905089462,280.3984505,139,59,58,53,55,56,2,1,5,16,1,2
-74.12271664018948,4.617726973815167,288.4615385,58,61,57,56,54,66,2,1,5,16,1,2
-74.11917074991288,4.611464508674475,279.0271493,119,58,57,53,54,56,2,1,5,16,1,2
-74.13422695963911,4.599622638190192,261.6346154,96,55,52,51,51,53,2,1,5,16,1,3
-74.11845120026862,4.622229494049657,288.4615385,19,60,57,56,56,63,1,1,5,16,4,3
-74.12956967998122,4.598759746179219,297.6923077,135,62,60,56,58,66,1,1,5,16,4,1
-74.11078303996788,4.610413513766776,300.3846154,90,62,61,58,58,64,1,1,5,16,4,2
-74.11976513998356,4.62108701108257,330.7692308,65,66,69,64,64,71,1,1,5,16,4,1
-74.13336091992484,4.5949761976748205,273.0769231,8,58,55,52,53,56,1,1,5,16,4,3
-74.11918895966201,4.620517392708838,328.0769231,94,66,66,63,63,79,1,1,5,16,4,1
-74.1270701796869,4.59831855130274,320.3846154,26,65,64,64,62,68,1,1,5,16,4,1
-74.10923062988435,4.609791608352003,281.5384615,24,58,59,52,55,60,1,1,5,16,4,2
-74.10681641025323,4.602479921934205,259.2307692,36,56,53,48,50,53,1,1,5,16,4,3
-74.12785836960202,4.607443653052959,282.3076923,43,58,58,54,54,62,1,1,5,16,4,2
-74.11243645033375,4.620862679647606,300.7692308,51,63,60,60,57,62,1,1,5,16,4,1
-74.11405824988306,4.604728255344955,301.5384615,43,62,62,57,59,64,1,1,5,16,4,1
-74.12008445962604,4.600664262346308,259.6153846,30,55,52,49,50,57,1,1,5,16,4,2
-74.11577023040545,4.6060446979485645,294.6153846,44,61,57,58,57,67,1,1,5,16,4,2
-74.10697884002965,4.599048827252345,265.7692308,19,56,52,51,52,58,1,1,5,16,4,3
-74.10099159022056,4.607928981594408,288.0769231,104,61,58,55,56,59,1,1,5,16,4,1
-74.10784786035403,4.6143898662449265,280.7692308,34,59,58,52,54,61,1,1,5,16,4,2
-74.11370195019362,4.604741691058211,306.9230769,21,62,64,56,61,69,1,1,5,16,4,1
-74.12874892973029,4.602662569393177,308.0769231,41,64,63,59,58,69,1,1,5,16,4,1
-74.11623221958304,4.624124104256333,299.2307692,18,61,66,55,57,61,1,1,5,16,4,1
-74.11925796015731,4.627855756705874,285.3846154,13,59,58,56,55,58,1,1,5,16,4,2
-74.11711459965233,4.615091399380772,281.1538462,29,59,56,54,54,62,1,1,5,16,4,2
-74.10427269038907,4.6011805573534215,300,57,62,60,58,58,66,1,1,5,16,4,1
-74.12042107992256,4.624877150314301,310.3846154,31,63,62,60,61,69,1,1,5,16,4,1
-74.10828344984205,4.599721134622738,276.1538462,34,58,55,53,53,61,1,1,5,16,4,2
-74.12063909026223,4.599347273432306,270.3846154,73,58,54,52,51,58,1,1,5,16,4,2
-74.06999104956584,4.592923423309335,228.532967,70,49,45,45,45,45,2,1,5,17,1,4
-74.06926922987884,4.598239118251664,240.2797203,66,52,47,47,47,48,2,1,5,17,1,3
-74.07159968969457,4.597161179264486,278.0769231,47,58,56,54,53,60,1,1,5,17,4,2
-74.07359117023782,4.59515519013082,276.5384615,22,59,57,54,51,56,1,1,5,17,4,2
-74.0760568202156,4.596940397803175,321.5384615,139,65,66,62,63,68,1,1,5,17,4,1
-74.0732754097205,4.597724080079181,236.9230769,24,50,49,44,47,46,1,1,5,17,4,3
-74.0729053298746,4.597990433019731,270.7692308,20,58,55,52,52,53,1,1,5,17,4,2
-74.07485689018495,4.594827802851589,306.1538462,49,62,63,58,60,67,1,1,5,17,4,1
-74.07299756978628,4.596070653425254,312.6923077,8,65,62,62,58,72,1,1,1,17,4,1
-74.07379474015931,4.593289185122337,283.8461538,24,61,53,57,54,63,1,1,5,17,4,1
-74.12079045998087,4.57931796543935,255.3846154,135,54,52,49,49,52,2,1,5,18,1,3
-74.11578948040368,4.566902025729502,248.4615385,102,52,51,47,49,49,2,1,5,18,1,3
-74.10383656011525,4.580806007153349,266.7785971,386,57,53,52,51,55,2,1,1,18,1,2
-74.11900695020567,4.579829723437447,246.8905325,130,53,50,47,48,49,2,1,5,18,1,3
-74.11729479990169,4.579697004746831,266.1538462,78,55,53,52,53,53,2,1,5,18,1,2
-74.12036773975761,4.584764731566523,267.6923077,32,57,55,51,52,51,2,1,5,18,1,3
-74.11403246014959,4.547478478367229,242.6098901,140,52,49,46,48,47,2,1,5,18,1,3
-74.12531508991233,4.57867348282193,252.3076923,25,54,53,48,46,53,2,1,5,18,1,3
-74.12603861011017,4.577636081752607,257.3076923,107,55,52,49,50,51,2,1,5,18,1,3
-74.1162711202281,4.584302385768595,246.9230769,101,52,50,47,48,51,2,1,5,18,1,3
-74.1105355298526,4.579150008990492,251.1538462,52,54,51,48,48,50,2,1,5,18,1,3
-74.10886633968046,4.576516604817647,256.4903846,104,54,52,48,49,54,2,1,5,18,1,2
-74.1092540300992,4.583716414044882,250,71,54,50,47,49,50,2,1,5,18,1,3
-74.12075059005362,4.571958300684668,249.8562975,91,53,51,48,48,49,2,1,5,18,1,3
-74.10833736043719,4.564668797104933,229.147929,65,48,47,43,45,46,2,1,5,18,1,3
-74.10818863985033,4.5789944061036785,260,78,56,52,49,51,52,2,1,5,18,1,3
-74.11207640017797,4.558103896624676,246.9230769,116,53,51,46,48,48,2,1,5,18,1,3
-74.10133957959533,4.5685100850456095,251.8241175,377,54,51,48,49,50,2,1,5,18,1,3
-74.10528652991704,4.584287490996081,271.1538462,25,57,54,52,52,60,2,1,5,18,1,3
-74.11473880006758,4.580682281607515,264.2307692,70,57,52,51,51,54,2,1,5,18,1,3
-74.1100663397797,4.573013809823661,247.3076923,52,52,51,47,48,49,2,1,5,18,1,4
-74.11009775027192,4.547551499089812,258.4615385,41,55,53,48,51,51,2,1,5,18,1,4
-74.1179589396626,4.55526259095668,252.2542735,216,53,52,48,49,50,2,1,5,18,1,3
-74.11729736010024,4.573970401050726,258.8461538,121,55,55,48,49,52,2,1,5,18,2,2
-74.10766373985676,4.5534974348262205,240.9812623,78,51,50,45,47,48,2,1,5,18,1,4
-74.1154763196108,4.559263702156727,251.1538462,103,53,52,47,49,50,2,1,5,18,1,3
-74.12206198034977,4.569228293787947,266.5384615,54,55,55,51,52,54,1,1,5,18,4,2
-74.10450248033705,4.582043189798501,310,39,62,63,61,61,65,1,1,5,18,4,1
-74.10383240989864,4.569608032417305,305.7692308,102,63,61,60,59,66,1,1,5,18,4,1
-74.09981439026154,4.570345951796063,260.3846154,44,55,53,50,49,56,1,1,5,18,4,2
-74.11980202031755,4.569751862945352,250.7692308,29,54,51,46,49,52,1,1,5,18,5,3
-74.0963556599237,4.575276882066403,308.8461538,36,63,64,59,60,65,1,1,5,18,4,1
-74.10896915994955,4.581673473313908,308.0769231,55,64,64,59,59,63,1,1,5,18,4,1
-74.11300037044829,4.584658278866802,330,39,67,70,63,64,66,1,1,5,18,4,1
-74.09803029029318,4.578022419862732,297.6923077,58,63,59,57,58,63,1,1,5,18,4,1
-74.12099076991618,4.58015805781201,301.9230769,95,62,62,58,59,62,1,1,5,18,4,2
-74.11349675971137,4.581725036599619,272.6923077,58,57,56,51,53,58,1,1,5,18,4,2
-74.10411404970652,4.575456926241889,275.7692308,39,58,54,54,53,60,1,1,5,18,4,2
-74.12773634964034,4.584465803806513,289.2307692,76,60,60,56,55,59,1,1,5,18,4,1
-74.12304364042764,4.575787640048046,283.4615385,37,59,58,54,55,59,1,1,5,18,4,2
-74.10437343015997,4.570509854777682,293.4615385,43,61,62,56,54,64,1,1,5,18,4,2
-74.109299480361,4.548769734172032,260.3846154,22,55,52,51,51,50,1,1,5,18,4,3
-74.10614563014575,4.553506230229544,274.2307692,57,58,56,53,53,53,1,1,5,18,4,3
-74.09899987970859,4.578353333959472,241.1538462,16,52,49,43,49,48,1,1,5,18,4,3
-74.1119430003583,4.542538385385249,239.2307692,17,50,49,45,47,49,1,1,5,18,4,3
-74.11087102994996,4.557217581740865,288.8461538,60,60,60,55,56,58,1,1,5,18,4,2
-74.09708293957098,4.577641460719267,250.7692308,4,51,48,50,49,58,1,1,5,18,4,3
-74.12770775985811,4.577995881432226,276.9230769,40,59,53,53,54,63,1,1,5,18,4,2
-74.10828095971208,4.5513906926460175,270.3846154,8,57,53,54,52,55,1,1,5,18,4,2
-74.10024766029949,4.579226575151014,294.2307692,38,61,60,55,57,66,1,1,5,18,4,2
-74.10828289019162,4.5484213319203075,245.7692308,59,53,49,47,47,51,1,1,5,18,4,3
-74.11449441968274,4.555236403606869,295,9,63,60,58,54,62,1,1,5,18,4,2
-74.12068776008601,4.559067567640601,253.4615385,23,54,52,47,49,53,1,1,5,18,4,4
-74.12566386980455,4.584861554681095,280.7692308,20,57,59,53,54,61,1,1,5,18,4,2
-74.12384869980548,4.574903305368598,220.7692308,96,48,44,41,44,43,1,1,5,18,4,5
-74.11638542006823,4.580324284021717,263.8461538,21,56,53,50,51,56,1,1,5,18,4,2
-74.11181774017338,4.556752632037514,228.0769231,37,49,47,41,46,44,1,1,5,18,4,4
-74.10776629961444,4.585752377938727,305,67,62,60,59,59,73,1,1,5,18,4,1
-74.11834965021733,4.586214006447072,245,7,52,51,46,46,52,1,1,5,18,4,4
-74.12399269974553,4.573496478103336,231.1538462,35,51,45,45,44,46,1,1,5,18,4,5
-74.09569023018204,4.5764198826547196,216.9230769,100,47,42,41,43,45,1,1,5,18,4,5
-74.11729617971397,4.56881991991339,273.4615385,15,58,54,53,52,60,1,1,5,18,4,3
-74.10253963000022,4.57637198585984,283.4615385,6,59,57,53,56,62,1,1,5,18,4,2
-74.13648561980912,4.555248538225254,243.5618729,92,52,50,46,48,46,2,1,5,19,1,3
-74.14829818013102,4.5472086491680805,245.4663036,113,53,51,46,48,47,2,1,5,19,1,3
-74.16511246024193,4.587257965790085,245.6380441,129,53,49,47,47,48,2,1,5,19,1,4
-74.1384836903933,4.551042220919415,223.8461538,86,49,44,42,44,45,2,1,5,19,1,4
-74.13812590039879,4.553386499188351,249.2307692,34,53,52,47,48,48,2,1,5,19,1,4
-74.1429164397392,4.55260683117944,226.1538462,54,49,45,43,44,45,2,1,5,19,1,4
-74.14161525969456,4.555840283077417,233.4615385,104,50,48,43,46,45,2,1,5,19,1,3
-74.15253146036471,4.5748481212738294,252.2317491,157,54,50,49,49,52,2,1,5,19,1,3
-74.14911640970925,4.5636008618194515,245.0493624,187,52,51,47,48,49,2,1,5,19,1,3
-74.14234513996459,4.560686632831936,239.7252747,196,51,50,45,48,45,2,1,5,19,1,3
-74.1509521196873,4.540016187703103,225.3846154,76,49,46,42,44,43,2,1,5,19,1,5
-74.15408277001202,4.57329556843406,265.7692308,177,56,53,51,52,55,2,1,5,19,1,2
-74.1354419499255,4.5575236963067995,249.4377196,197,52,51,47,49,49,2,1,5,19,1,3
-74.15811617958657,4.572407142919366,244.1402715,102,53,51,46,48,47,2,1,5,19,1,3
-74.1573424103267,4.5690904690080645,243.4061538,125,52,49,46,48,49,2,1,5,19,1,3
-74.1622277803201,4.551172440244962,235.5988315,79,50,48,45,46,45,2,1,5,19,1,3
-74.16378181006607,4.586452274668948,249.58695,257,53,50,48,48,50,2,1,5,19,1,3
-74.14241673030284,4.544904674728862,236.6105769,64,49,49,45,47,45,2,1,5,19,1,4
-74.13746216038818,4.544574074759999,263.4615385,36,56,53,52,50,52,2,1,5,19,1,2
-74.14682391988396,4.566015503211944,245.5719921,195,52,50,47,48,47,2,1,5,19,1,3
-74.16471330013363,4.5779770429695334,248.400091,169,53,51,47,48,48,2,1,5,19,1,3
-74.16957850025393,4.574857399960237,230.0137363,168,50,48,43,45,44,2,1,5,19,1,4
-74.1760935902425,4.59269630804852,241.9706778,202,52,49,45,48,49,2,1,5,19,1,3
-74.16494530981869,4.578286405422518,252.6360225,82,54,53,47,49,49,2,1,5,19,1,3
-74.14560298005544,4.536736482034644,243.4615385,61,53,49,47,47,45,2,1,5,19,1,4
-74.13932692996734,4.540377955715818,284.2307692,54,59,59,54,56,55,2,1,5,19,2,1
-74.1632670601369,4.5724682631815075,286.1538462,79,59,59,55,56,57,2,1,5,19,2,2
-74.14781082971635,4.547611480615962,228.1221719,85,48,47,43,45,43,2,1,5,19,1,4
-74.14904249003946,4.538913208132877,219.7099622,61,48,43,41,43,42,2,1,5,19,1,5
-74.14562389014031,4.549086424432601,222.6833631,43,48,46,42,44,43,2,1,5,19,1,4
-74.13978680990064,4.539388764877316,242.6923077,63,51,50,46,48,46,2,1,5,19,1,4
-74.1612997101388,4.542340741882522,221.3461538,116,48,44,41,44,42,2,1,5,19,1,4
-74.13829195038579,4.561978341313585,263.826391,253,56,53,50,51,55,2,1,5,19,1,3
-74.13916866028902,4.54435216221178,252.4475524,121,53,53,48,49,46,2,1,5,19,1,3
-74.15268983963752,4.5500551007488,232.5042735,90,49,47,44,47,45,2,1,5,19,1,4
-74.1589607100397,4.583861695040159,258.0769231,60,55,51,50,50,53,2,1,5,19,2,3
-74.15498076998747,4.587313120273151,271.9230769,72,56,55,52,54,56,2,1,5,19,2,2
-74.09372843985724,4.549940647117985,270,31,57,56,51,52,54,2,1,5,4,2,3
-74.16457347017314,4.576455227011121,255.3846154,25,55,50,49,51,49,2,1,5,19,2,3
-74.16491477967544,4.513597549554582,238.4615385,37,51,49,46,46,44,2,1,5,19,1,3
-74.15231262986319,4.5105984460949795,232.3076923,83,49,47,44,46,46,2,1,5,19,1,3
-74.14386766040366,4.550545271598062,292.6923077,33,61,59,57,57,59,1,1,5,19,4,2
-74.14774065961456,4.562452974815835,270,32,58,56,50,52,54,1,1,5,19,4,3
-74.1677135797578,4.588193011670281,277.3076923,108,59,55,53,54,58,1,1,5,19,4,2
-74.14274165004281,4.549183130577339,253.4615385,12,54,52,47,51,47,1,1,5,19,4,4
-74.15498507022274,4.591831283687954,290.3846154,24,60,60,57,54,62,1,1,5,19,4,1
-74.14029918019261,4.562571180259117,250.7692308,73,53,51,48,49,49,1,1,5,19,5,3
-74.16486231985948,4.58792997266442,257.6923077,37,56,50,50,49,55,1,1,5,19,4,3
-74.16570081004062,4.588254717989697,275.7692308,24,58,55,53,54,57,1,1,5,19,4,2
-74.17108655961357,4.568241178008317,232.6923077,3,52,43,42,46,56,1,1,5,19,4,4
-74.14747918967976,4.567960017370378,274.2307692,35,56,56,52,54,59,1,1,5,19,4,2
-74.15402743019726,4.575630474761403,270,9,56,55,52,52,57,1,1,5,19,4,2
-74.17302204008033,4.5937218299686835,272.3076923,21,59,53,51,53,60,1,1,5,19,4,2
-74.15134145042975,4.577568606924153,248.0769231,54,53,49,47,49,51,1,1,5,19,4,3
-74.157826129751,4.577551560245363,289.6153846,13,60,60,55,56,60,1,1,5,19,4,2
-74.15795470022773,4.592357879867974,290,86,61,59,55,56,61,1,1,5,19,5,2
-74.17544585012541,4.594640516855283,271.9230769,15,59,54,52,52,56,1,1,5,19,4,2
-74.14355312967997,4.559593683769821,278.4615385,42,58,56,54,54,58,1,1,5,19,4,2
-74.15345399961879,4.575776634046614,293.0769231,64,60,61,56,57,60,1,1,5,19,5,2
-74.14619412990288,4.566579995610373,305,40,62,62,60,59,64,1,1,5,19,4,1
-74.13859632026531,4.554556407955599,251.5384615,25,53,51,48,49,51,1,1,5,19,4,4
-74.15460359973903,4.541210792657098,225.7692308,46,47,46,43,45,44,2,1,5,19,1,4
-74.14671447992953,4.5524839290898615,265.7692308,49,58,52,51,52,52,1,1,5,19,4,3
-74.14869979982657,4.539258773565619,261.1538462,13,56,52,52,49,52,1,1,5,19,4,4
-74.17281904957221,4.5878094575983175,244.2307692,10,54,49,45,47,50,1,1,5,19,4,3
-74.15249784989837,4.576041755867537,257.3076923,18,55,53,49,48,54,1,1,5,19,4,3
-74.1578799496163,4.591052415945849,318.4615385,55,65,66,61,60,72,1,1,5,19,4,1
-74.16998119972445,4.58161635558058,250.7692308,3,54,52,44,49,55,1,1,5,19,4,3
-74.14853891964401,4.564446295271368,243.8461538,61,53,48,46,48,49,1,1,5,19,4,4
-74.17495370001218,4.576847757800608,300.3846154,10,64,61,59,58,55,1,1,5,19,4,2
-74.16431200023833,4.571832885673121,304.6153846,58,63,63,59,59,60,1,1,5,19,5,1
-74.15969484023934,4.590913664120953,265,19,58,53,50,50,56,1,1,5,19,4,3
-74.06895138976165,4.6244399060071455,232.3076923,11,49,45,45,46,49,1,5,5,3,4,0
-74.14506214035549,4.592193101685185,223.8461538,5,48,43,44,44,45,1,1,5,6,4,0
-74.17530926038816,4.614196284441706,211.9230769,10,44,43,39,44,41,1,1,5,8,4,0
-74.15134666964155,4.62230909991593,241.9230769,58,52,49,45,47,50,1,1,5,8,4,0
-74.10493161003986,4.705197147362378,233.4615385,20,49,47,43,47,49,1,1,5,10,4,0
-74.12411347015063,4.714872521056943,234.2307692,13,52,45,44,45,51,1,1,5,10,4,0
-74.10056076988839,4.691457062255349,249.6153846,9,57,48,47,46,55,1,1,5,10,4,0
-74.1062581099991,4.74239087686237,304.6153846,5,67,59,60,57,63,1,1,5,11,4,0
-74.06184774965007,4.750223767888175,247.3076923,25,53,48,47,48,55,1,1,5,11,4,0
-74.06304926969878,4.65526647562423,257.6923077,15,52,50,51,51,58,1,1,5,12,4,0
-74.07131015010208,4.644587061962204,286.9230769,20,58,56,58,54,68,1,1,5,13,4,0
-74.09737230039872,4.578429310999985,345,8,70,71,68,64,78,1,1,5,15,4,0
-74.11159872012733,4.554355392691182,271.5384615,8,61,51,54,50,58,1,1,5,18,4,0
-74.15379279024505,4.576395518320521,246.1538462,8,52,52,45,48,49,1,1,5,19,4,0
